seed,state_id,candidate_id,candidate_type,predicted_q_mean,predicted_q_last,cumulative_reward,TotalThroughput,FairIdx,ProbCollision,finite_check
0,0,0,deterministic_actor,-0.7890093326568604,-0.7805054187774658,0.25177099073722337,0.10161428153514862,0.5571963787078857,0.0,True
0,0,1,actor_stochastic,-0.0010094568133354187,0.007633216679096222,0.056620958739521075,0.06101810187101364,0.4553757309913635,0.0,True
0,0,2,actor_stochastic,-0.07819473743438721,-0.04192494601011276,0.23759575537183344,0.060672126710414886,0.7495134472846985,0.0,True
0,0,3,actor_stochastic,-0.18937182426452637,-0.16147613525390625,0.07639595365972968,0.061598680913448334,0.4427535831928253,0.0,True
0,0,4,actor_stochastic,-0.23358845710754395,-0.2566962242126465,0.020261789695884328,0.0406624972820282,0.2500018775463104,0.0,True
0,0,5,actor_stochastic,-0.11143480986356735,-0.12462376803159714,0.358551392337737,0.12364772707223892,0.6377208828926086,0.0,True
0,0,6,actor_stochastic,-0.08630441874265671,-0.07290124148130417,0.12618527080461445,0.08120720088481903,0.654077410697937,0.0,True
0,0,7,actor_stochastic,-0.1320134401321411,-0.08669470995664597,0.0,0.019724423065781593,0.250003844499588,0.0,True
0,0,8,actor_stochastic,-0.19460678100585938,-0.21537494659423828,0.020324717804564067,0.04072752594947815,0.2500018775463104,0.0,True
0,0,9,actor_stochastic,-0.19343459606170654,-0.17351913452148438,0.0,0.019724423065781593,0.250003844499588,0.0,True
0,0,10,actor_stochastic,-0.24993908405303955,-0.2817535400390625,0.07587051606490539,0.06132131069898605,0.4435685873031616,0.0,True
0,0,11,actor_stochastic,-0.19875872135162354,-0.22102880477905273,0.05602877812757701,0.060394372791051865,0.4564223885536194,0.0,True
0,0,12,actor_stochastic,-0.10631030052900314,-0.10754775255918503,0.07555977694888626,0.061055682599544525,0.44435253739356995,0.0,True
0,0,13,actor_stochastic,-0.06671398878097534,0.012376315891742706,0.0757951915225708,0.06123615801334381,0.44381949305534363,0.0,True
0,0,14,actor_stochastic,-0.1251312494277954,-0.11030196398496628,0.020546905362774325,0.04095713049173355,0.2500018775463104,0.0,True
0,0,15,actor_stochastic,-0.10089271515607834,-0.08759831637144089,0.07364556040855577,0.05987110733985901,0.44788891077041626,0.0,True
0,0,16,random_baseline,-0.15781569480895996,-0.11835049837827682,0.13540968480504267,0.10194867849349976,0.36341696977615356,0.0,True
0,0,17,random_baseline,-0.23233097791671753,-0.21111321449279785,0.0602209702839827,0.08195541799068451,0.25000086426734924,0.0,True
0,0,18,random_baseline,-0.2709650993347168,-0.22585010528564453,0.07638881296325438,0.06159403175115585,0.4427672028541565,0.0,True
0,0,19,random_baseline,-0.08977996557950974,-0.07301091402769089,0.0,0.019724423065781593,0.250003844499588,0.0,True
0,0,20,random_baseline,-0.16792070865631104,-0.1336650848388672,0.1082866132794273,0.08265215903520584,0.39270347356796265,0.0,True
0,0,21,random_baseline,-0.32034116983413696,-0.2911803722381592,0.13584020304810918,0.10228482633829117,0.36300522089004517,0.0,True
0,0,22,random_baseline,-0.15875715017318726,-0.16484904289245605,0.04085342881114963,0.06194143742322922,0.25000113248825073,0.0,True
0,0,23,random_baseline,-0.33924412727355957,-0.33391642570495605,0.29523065378892777,0.10260062664747238,0.5567375421524048,0.0,True
0,0,24,random_baseline,-0.2129216194152832,-0.18708324432373047,0.01953663870258028,0.03991314396262169,0.2500019073486328,0.0,True
0,0,25,random_baseline,-0.11990666389465332,-0.10930108278989792,0.07306457073304254,0.05949067696928978,0.449038028717041,0.0,True
0,0,26,random_baseline,-0.2552133798599243,-0.2327578067779541,0.2479787133445961,0.10034643113613129,0.561893105506897,0.0,True
0,0,27,random_baseline,-0.05436157435178757,-0.03988742083311081,0.020083821390871347,0.04047859087586403,0.2500018775463104,0.0,True
0,0,28,random_baseline,-0.0388183519244194,-0.007875673472881317,0.0402336555790129,0.06130097061395645,0.2500011622905731,0.0,True
0,0,29,random_baseline,-0.2708289623260498,-0.2659740447998047,0.0385468684910419,0.039641644805669785,0.49999070167541504,0.0,True
0,0,30,random_baseline,-0.31116101145744324,-0.3299023509025574,0.291168864131757,0.1231292188167572,0.4487125277519226,0.0,True
0,0,31,random_baseline,-0.07676303386688232,-0.031366340816020966,0.019772150177477087,0.04015651345252991,0.2500019073486328,0.0,True
0,1,0,deterministic_actor,-0.7898948192596436,-0.791556715965271,0.0,0.040385838598012924,0.2500033974647522,0.0,True
0,1,1,actor_stochastic,-0.16903728246688843,-0.18152952194213867,0.0,0.040385838598012924,0.2500033974647522,0.0,True
0,1,2,actor_stochastic,-0.09786248207092285,-0.04627465456724167,0.0,0.040385838598012924,0.2500033974647522,0.0,True
0,1,3,actor_stochastic,-0.03335236757993698,-0.019158832728862762,0.0,0.040385838598012924,0.2500033974647522,0.0,True
0,1,4,actor_stochastic,0.10037780553102493,0.11350012570619583,0.2755653141262565,0.12335255742073059,0.4537045657634735,0.0,True
0,1,5,actor_stochastic,-0.03339368849992752,-0.024676792323589325,0.0,0.040385838598012924,0.2500033974647522,0.0,True
0,1,6,actor_stochastic,0.20499396324157715,0.1988520622253418,0.04053393397845077,0.0822724997997284,0.2500016689300537,0.0,True
0,1,7,actor_stochastic,-0.022872261703014374,-0.038801662623882294,0.0,0.040385838598012924,0.2500033974647522,0.0,True
0,1,8,actor_stochastic,0.04770065099000931,0.07009268552064896,0.0,0.040385838598012924,0.2500033974647522,0.0,True
0,1,9,actor_stochastic,-0.06351160258054733,-0.09243964403867722,0.0,0.040385838598012924,0.2500033974647522,0.0,True
0,1,10,actor_stochastic,0.0030637159943580627,0.001701362431049347,0.0,0.040385838598012924,0.2500033974647522,0.0,True
0,1,11,actor_stochastic,-0.014797203242778778,-0.012681715190410614,0.0,0.040385838598012924,0.2500033974647522,0.0,True
0,1,12,actor_stochastic,-0.41738200187683105,-0.44640064239501953,0.0,0.040385838598012924,0.2500033974647522,0.0,True
0,1,13,actor_stochastic,-0.037337057292461395,-0.03392409533262253,0.0,0.040385838598012924,0.2500033974647522,0.0,True
0,1,14,actor_stochastic,0.11123591661453247,0.14572715759277344,0.0,0.040385838598012924,0.2500033974647522,0.0,True
0,1,15,actor_stochastic,0.04905153065919876,0.07406378537416458,0.040381538364789075,0.08211502432823181,0.2500016689300537,0.0,True
0,1,16,random_baseline,0.1201186254620552,0.11746145039796829,0.0,0.040385838598012924,0.2500033974647522,0.0,True
0,1,17,random_baseline,-0.0008929893374443054,-0.00717877596616745,0.0,0.040385838598012924,0.2500033974647522,0.0,True
0,1,18,random_baseline,-0.12419244647026062,-0.11519443243741989,0.0,0.040385838598012924,0.2500033974647522,0.0,True
0,1,19,random_baseline,-0.6004069447517395,-0.6397533416748047,0.0,0.040385838598012924,0.2500033974647522,0.0,True
0,1,20,random_baseline,-0.09344064444303513,-0.0662074014544487,0.039908628148528,0.08162632584571838,0.2500016689300537,0.0,True
0,1,21,random_baseline,-0.024546734988689423,0.022878654301166534,0.0,0.040385838598012924,0.2500033974647522,0.0,True
0,1,22,random_baseline,-0.024195902049541473,-0.009170524775981903,0.0,0.040385838598012924,0.2500033974647522,0.0,True
0,1,23,random_baseline,0.11272669583559036,0.12790966033935547,0.0,0.040385838598012924,0.2500033974647522,0.0,True
0,1,24,random_baseline,-0.2399348020553589,-0.22435259819030762,0.036742517160875315,0.06128866225481033,0.4541131854057312,0.0,True
0,1,25,random_baseline,-0.060354702174663544,-0.06337165087461472,0.04029002670566265,0.08202045410871506,0.2500016689300537,0.0,True
0,1,26,random_baseline,0.14696472883224487,0.12458587437868118,0.07636035400008061,0.08174373209476471,0.49993154406547546,0.0,True
0,1,27,random_baseline,-0.35846227407455444,-0.37824249267578125,0.0,0.040385838598012924,0.2500033974647522,0.0,True
0,1,28,random_baseline,-0.03857063502073288,-0.012882225215435028,0.0,0.040385838598012924,0.2500033974647522,0.0,True
0,1,29,random_baseline,0.06646526604890823,0.08569193631410599,0.03996189612921353,0.08168137073516846,0.2500016689300537,0.0,True
0,1,30,random_baseline,-0.4369339346885681,-0.4777536392211914,0.0,0.040385838598012924,0.2500033974647522,0.0,True
0,1,31,random_baseline,-0.02544056624174118,-0.039834968745708466,0.0,0.040385838598012924,0.2500033974647522,0.0,True
0,2,0,deterministic_actor,-0.7822132110595703,-0.7875016927719116,0.0,0.040385838598012924,0.2500041425228119,0.0,True
0,2,1,actor_stochastic,0.2450624704360962,0.20472383499145508,0.035252471834207925,0.060614585876464844,0.4502159357070923,0.0,True
0,2,2,actor_stochastic,0.12407326698303223,0.1353740692138672,0.03553904563362536,0.06074439734220505,0.4509817063808441,0.0,True
0,2,3,actor_stochastic,-0.08131646364927292,-0.10098695009946823,0.0,0.040385838598012924,0.2500041425228119,0.0,True
0,2,4,actor_stochastic,-0.20505237579345703,-0.1782693862915039,0.0,0.040385838598012924,0.2500041425228119,0.0,True
0,2,5,actor_stochastic,-0.08004819601774216,-0.08826827257871628,0.0,0.040385838598012924,0.2500041425228119,0.0,True
0,2,6,actor_stochastic,0.06292296200990677,0.15402472019195557,0.0,0.040385838598012924,0.2500041425228119,0.0,True
0,2,7,actor_stochastic,-0.14299464225769043,-0.1397862434387207,0.0,0.040385838598012924,0.2500041425228119,0.0,True
0,2,8,actor_stochastic,0.15943658351898193,0.18117928504943848,0.0,0.040385838598012924,0.2500041425228119,0.0,True
0,2,9,actor_stochastic,-0.16727489233016968,-0.1808638572692871,0.03582861875627958,0.06087547540664673,0.4517476558685303,0.0,True
0,2,10,actor_stochastic,0.11853832006454468,0.19603776931762695,0.0,0.040385838598012924,0.2500041425228119,0.0,True
0,2,11,actor_stochastic,-0.1990751028060913,-0.21384787559509277,0.0,0.040385838598012924,0.2500041425228119,0.0,True
0,2,12,actor_stochastic,-0.30144962668418884,-0.29689157009124756,0.0,0.040385838598012924,0.2500041425228119,0.0,True
0,2,13,actor_stochastic,-0.18426454067230225,-0.14123058319091797,0.0,0.040385838598012924,0.2500041425228119,0.0,True
0,2,14,actor_stochastic,0.13060379028320312,0.1367955207824707,0.0,0.040385838598012924,0.2500041425228119,0.0,True
0,2,15,actor_stochastic,0.07510281354188919,0.06195832043886185,0.0,0.040385838598012924,0.2500041425228119,0.0,True
0,2,16,random_baseline,-0.030221454799175262,-0.05318879336118698,0.0,0.040385838598012924,0.2500041425228119,0.0,True
0,2,17,random_baseline,-0.19752240180969238,-0.20772647857666016,0.0,0.040385838598012924,0.2500041425228119,0.0,True
0,2,18,random_baseline,-0.2635382413864136,-0.27144289016723633,0.0,0.040385838598012924,0.2500041425228119,0.0,True
0,2,19,random_baseline,0.014829166233539581,0.036123283207416534,0.0,0.040385838598012924,0.2500041425228119,0.0,True
0,2,20,random_baseline,-0.06326603144407272,-0.05282115191221237,0.0,0.040385838598012924,0.2500041425228119,0.0,True
0,2,21,random_baseline,0.01757252961397171,0.047115810215473175,0.0,0.040385838598012924,0.2500041425228119,0.0,True
0,2,22,random_baseline,0.07595289498567581,0.08261347562074661,0.0,0.040385838598012924,0.2500041425228119,0.0,True
0,2,23,random_baseline,-0.15037858486175537,-0.1635584831237793,0.0,0.040385838598012924,0.2500041425228119,0.0,True
0,2,24,random_baseline,-0.09021597355604172,-0.1266775131225586,0.0,0.040385838598012924,0.2500041425228119,0.0,True
0,2,25,random_baseline,-0.1504569947719574,-0.18688368797302246,0.0,0.040385838598012924,0.2500041425228119,0.0,True
0,2,26,random_baseline,0.06738591939210892,0.04808998852968216,0.0,0.040385838598012924,0.2500041425228119,0.0,True
0,2,27,random_baseline,0.18188774585723877,0.20289278030395508,0.034812565709410236,0.06041513383388519,0.44902509450912476,0.0,True
0,2,28,random_baseline,-0.1716170310974121,-0.1573772430419922,0.0,0.040385838598012924,0.2500041425228119,0.0,True
0,2,29,random_baseline,-0.11075877398252487,-0.11803721636533737,0.0,0.040385838598012924,0.2500041425228119,0.0,True
0,2,30,random_baseline,0.00838623195886612,0.04900122433900833,0.0,0.040385838598012924,0.2500041425228119,0.0,True
0,2,31,random_baseline,0.020288892090320587,0.056820161640644073,0.0,0.040385838598012924,0.2500041425228119,0.0,True
0,3,0,deterministic_actor,-0.7890093326568604,-0.7805054187774658,0.25177099073722337,0.10161428153514862,0.5571963787078857,0.0,True
0,3,1,actor_stochastic,-0.29728737473487854,-0.291623592376709,0.18328316577504905,0.10107015073299408,0.4817167818546295,0.0,True
0,3,2,actor_stochastic,-0.21069231629371643,-0.17724132537841797,0.04108634933220419,0.06218212842941284,0.2500011622905731,0.0,True
0,3,3,actor_stochastic,-0.21599197387695312,-0.22842788696289062,0.07627941610894975,0.06152276694774628,0.4429762661457062,0.0,True
0,3,4,actor_stochastic,-0.18709611892700195,-0.2001953125,0.1834505995339857,0.10259827226400375,0.6883214116096497,0.0,True
0,3,5,actor_stochastic,-0.1574791669845581,-0.09815119951963425,0.019178864430278855,0.039543427526950836,0.2500019371509552,0.0,True
0,3,6,actor_stochastic,0.019206292927265167,0.013004787266254425,0.0,0.019724423065781593,0.250003844499588,0.0,True
0,3,7,actor_stochastic,-0.5802186727523804,-0.595428466796875,0.17783678238187334,0.10119317471981049,0.37242138385772705,0.0,True
0,3,8,actor_stochastic,-0.2556980848312378,-0.2630949020385742,0.040109513590241834,0.06117268279194832,0.2500011622905731,0.0,True
0,3,9,actor_stochastic,-0.20959556102752686,-0.2228837013244629,0.05681750900557187,0.06132213771343231,0.45434054732322693,0.0,True
0,3,10,actor_stochastic,-0.3756200075149536,-0.3699002265930176,0.09886405245011763,0.06078729405999184,0.7495253086090088,0.0,True
0,3,11,actor_stochastic,-0.20148223638534546,-0.1280379295349121,0.07701295367145823,0.062035925686359406,0.4414766728878021,0.0,True
0,3,12,actor_stochastic,-0.20758873224258423,-0.18310022354125977,0.07620882126864242,0.06147681549191475,0.4431111216545105,0.0,True
0,3,13,actor_stochastic,-0.09997749328613281,-0.058641426265239716,0.10441033176445252,0.0798674002289772,0.3980560004711151,0.0,True
0,3,14,actor_stochastic,-0.05343150347471237,-0.07750653475522995,0.07562978807474828,0.06105002015829086,0.4443693161010742,0.0,True
0,3,15,actor_stochastic,-0.07793974131345749,-0.09185122698545456,0.30604938804910825,0.10229864716529846,0.6886755228042603,0.0,True
0,3,16,random_baseline,-0.4342899024486542,-0.4494619369506836,0.28929435170956663,0.1230354756116867,0.4491759240627289,0.0,True
0,3,17,random_baseline,-0.12194013595581055,-0.06447409838438034,0.07428332727294157,0.060262419283390045,0.44671356678009033,0.0,True
0,3,18,random_baseline,-0.13813447952270508,-0.11190604418516159,0.019882432985722422,0.040270477533340454,0.2500018775463104,0.0,True
0,3,19,random_baseline,-0.5401241779327393,-0.521467924118042,0.13660613330157506,0.10287877172231674,0.36228427290916443,0.0,True
0,3,20,random_baseline,-0.054971449077129364,-0.06496524065732956,0.30235440178076756,0.1018465906381607,0.6893824934959412,0.0,True
0,3,21,random_baseline,-0.4038306474685669,-0.4162771701812744,0.04050189659193833,0.04067016392946243,0.4995519518852234,0.0,True
0,3,22,random_baseline,-0.4278656840324402,-0.43315696716308594,0.10977182969568344,0.10104915499687195,0.48399606347084045,0.0,True
0,3,23,random_baseline,-0.058869533240795135,-0.037895552814006805,0.020722199655763114,0.04113827645778656,0.25000184774398804,0.0,True
0,3,24,random_baseline,-0.23087012767791748,-0.2245025634765625,0.0,0.019724423065781593,0.250003844499588,0.0,True
0,3,25,random_baseline,-0.22846662998199463,-0.24320650100708008,0.0,0.019724423065781593,0.250003844499588,0.0,True
0,3,26,random_baseline,-0.11683463305234909,-0.12836074829101562,0.20240401983317066,0.09979631006717682,0.6925609707832336,0.0,True
0,3,27,random_baseline,-0.4408684968948364,-0.4680943489074707,0.0557646519554153,0.06067811697721481,0.45284274220466614,0.0,True
0,3,28,random_baseline,-0.10867440700531006,-0.09317969530820847,0.03848787180297409,0.039610959589481354,0.4999942481517792,0.0,True
0,3,29,random_baseline,-0.11973345279693604,-0.07266902178525925,0.019613760531685235,0.039992839097976685,0.2500019073486328,0.0,True
0,3,30,random_baseline,-0.2766537070274353,-0.2607905864715576,0.019512166532139733,0.03988785296678543,0.2500019073486328,0.0,True
0,3,31,random_baseline,-0.07030796259641647,-0.07584475725889206,0.30113131929389236,0.10162718594074249,0.6895714998245239,0.0,True
0,4,0,deterministic_actor,-1.0758733749389648,-1.0710177421569824,0.09341412754835074,0.0991387590765953,0.36697226762771606,0.0,True
0,4,1,actor_stochastic,0.042762674391269684,0.11145616322755814,0.036107950343666005,0.060483600944280624,0.44605353474617004,0.0,True
0,4,2,actor_stochastic,-0.29208242893218994,-0.25905704498291016,0.06802382965744166,0.08136264979839325,0.39514076709747314,0.0,True
0,4,3,actor_stochastic,-0.10521148890256882,-0.1332101821899414,0.035611850744441044,0.06015028804540634,0.4470509886741638,0.0,True
0,4,4,actor_stochastic,-0.1776280403137207,-0.18805408477783203,0.05747398241826842,0.05936817824840546,0.7499974370002747,0.0,True
0,4,5,actor_stochastic,-0.11883324384689331,-0.13764047622680664,0.0,0.03957061469554901,0.4999998211860657,0.0,True
0,4,6,actor_stochastic,-0.12277352809906006,-0.13183021545410156,0.0,0.03957061469554901,0.4999998211860657,0.0,True
0,4,7,actor_stochastic,-0.5154649019241333,-0.5434880256652832,0.0,0.03957061469554901,0.4999998211860657,0.0,True
0,4,8,actor_stochastic,-0.7578786611557007,-0.7718539237976074,0.0,0.03957061469554901,0.4999998211860657,0.0,True
0,4,9,actor_stochastic,-0.09316372871398926,-0.051251403987407684,0.0,0.03957061469554901,0.4999998211860657,0.0,True
0,4,10,actor_stochastic,-0.5069370865821838,-0.533334493637085,0.03547258755221308,0.06005697324872017,0.4473310708999634,0.0,True
0,4,11,actor_stochastic,-0.3399590253829956,-0.36039257049560547,0.06822247252824305,0.08149883896112442,0.3948800265789032,0.0,True
0,4,12,actor_stochastic,-0.8057740926742554,-0.8306257724761963,0.0358768824815031,0.060328200459480286,0.4465179145336151,0.0,True
0,4,13,actor_stochastic,-0.0567624494433403,-0.06410574167966843,0.037102191389088664,0.06109318882226944,0.4453542232513428,0.0,True
0,4,14,actor_stochastic,-0.0742180272936821,-0.09042023867368698,0.03501106092122152,0.05974854156374931,0.4482596814632416,0.0,True
0,4,15,actor_stochastic,-0.36679837107658386,-0.3892197608947754,0.20674614239025457,0.12163805961608887,0.4472109377384186,0.0,True
0,4,16,random_baseline,-0.1709805130958557,-0.10343240946531296,0.0,0.03957061469554901,0.4999998211860657,0.0,True
0,4,17,random_baseline,-0.3151857852935791,-0.30974340438842773,0.27015758970243137,0.14032286405563354,0.6433513760566711,0.0,True
0,4,18,random_baseline,-0.0521467849612236,-0.05171894282102585,0.0,0.03957061469554901,0.4999998211860657,0.0,True
0,4,19,random_baseline,-0.433279812335968,-0.4191904067993164,0.0,0.03957061469554901,0.4999998211860657,0.0,True
0,4,20,random_baseline,-0.5702993273735046,-0.5960657596588135,0.1255394588324389,0.12354900687932968,0.34168124198913574,0.0,True
0,4,21,random_baseline,-0.17620164155960083,-0.10756158083677292,0.0,0.03957061469554901,0.4999998211860657,0.0,True
0,4,22,random_baseline,-0.45761585235595703,-0.492459774017334,0.06680144162925439,0.08046583831310272,0.39687785506248474,0.0,True
0,4,23,random_baseline,-0.27121061086654663,-0.2853553295135498,0.0,0.03957061469554901,0.4999998211860657,0.0,True
0,4,24,random_baseline,-0.06801652163267136,-0.0318145677447319,0.0858509117943402,0.07955268025398254,0.6635814309120178,0.0,True
0,4,25,random_baseline,-0.48350685834884644,-0.5189845561981201,0.035992277982281315,0.06040578708052635,0.4462859630584717,0.0,True
0,4,26,random_baseline,0.04510248452425003,0.04005003720521927,0.13642460041625373,0.12234718352556229,0.49713531136512756,0.0,True
0,4,27,random_baseline,-0.44214296340942383,-0.47078442573547363,0.06712443644145341,0.08068805932998657,0.39644408226013184,0.0,True
0,4,28,random_baseline,0.33954566717147827,0.3878040313720703,0.0,0.03957061469554901,0.4999998211860657,0.0,True
0,4,29,random_baseline,-0.7941343188285828,-0.8296420574188232,0.09591855783673346,0.10110511630773544,0.3644634485244751,0.0,True
0,4,30,random_baseline,-0.010877452790737152,-0.010407797992229462,0.0,0.03957061469554901,0.4999998211860657,0.0,True
0,4,31,random_baseline,-0.13975262641906738,-0.10387801378965378,0.0,0.03957061469554901,0.4999998211860657,0.0,True
0,5,0,deterministic_actor,-1.3953825235366821,-1.39693021774292,0.0,0.03957061469554901,0.5000008344650269,0.0,True
0,5,1,actor_stochastic,-0.8232295513153076,-0.8446989059448242,0.0,0.03957061469554901,0.5000008344650269,0.0,True
0,5,2,actor_stochastic,-0.010572902858257294,0.0025129392743110657,0.0,0.03957061469554901,0.5000008344650269,0.0,True
0,5,3,actor_stochastic,-0.3319152593612671,-0.3345212936401367,0.0,0.03957061469554901,0.5000008344650269,0.0,True
0,5,4,actor_stochastic,-0.17924809455871582,-0.18368315696716309,0.0,0.03957061469554901,0.5000008344650269,0.0,True
0,5,5,actor_stochastic,-0.022541694343090057,-0.016908399760723114,0.03443913150905515,0.05936800688505173,0.44941169023513794,0.0,True
0,5,6,actor_stochastic,-0.3612591624259949,-0.37261831760406494,0.0,0.03957061469554901,0.5000008344650269,0.0,True
0,5,7,actor_stochastic,-0.6563563346862793,-0.6941335201263428,0.0343670023995536,0.05932015925645828,0.44955697655677795,0.0,True
0,5,8,actor_stochastic,-0.40919631719589233,-0.441788911819458,0.0,0.03957061469554901,0.5000008344650269,0.0,True
0,5,9,actor_stochastic,-0.2887799143791199,-0.25313878059387207,0.0,0.03957061469554901,0.5000008344650269,0.0,True
0,5,10,actor_stochastic,-0.19653022289276123,-0.16385412216186523,0.0,0.03957061469554901,0.5000008344650269,0.0,True
0,5,11,actor_stochastic,-0.3200526237487793,-0.3327293395996094,0.03479588255069848,0.05960511416196823,0.44869354367256165,0.0,True
0,5,12,actor_stochastic,-0.549949049949646,-0.550290584564209,0.0,0.03957061469554901,0.5000008344650269,0.0,True
0,5,13,actor_stochastic,-0.2962397336959839,-0.30346155166625977,0.0,0.03957061469554901,0.5000008344650269,0.0,True
0,5,14,actor_stochastic,0.05397156625986099,0.07886291295289993,0.0,0.03957061469554901,0.5000008344650269,0.0,True
0,5,15,actor_stochastic,-0.33639252185821533,-0.3546462059020996,0.06688643783544179,0.0804983600974083,0.39681461453437805,0.0,True
0,5,16,random_baseline,-0.5111666917800903,-0.5300769805908203,0.06632594968783795,0.08008526265621185,0.39762619137763977,0.0,True
0,5,17,random_baseline,-0.20657628774642944,-0.21788549423217773,0.0,0.03957061469554901,0.5000008344650269,0.0,True
0,5,18,random_baseline,-0.0325314924120903,-0.0007889196276664734,0.0,0.03957061469554901,0.5000008344650269,0.0,True
0,5,19,random_baseline,-0.3872056007385254,-0.397735595703125,0.06718275020669193,0.08072573691606522,0.3963712155818939,0.0,True
0,5,20,random_baseline,-1.1527825593948364,-1.183889389038086,0.0,0.03957061469554901,0.5000008344650269,0.0,True
0,5,21,random_baseline,-0.25466346740722656,-0.24514412879943848,0.0,0.03957061469554901,0.5000008344650269,0.0,True
0,5,22,random_baseline,-0.8637052774429321,-0.8774806261062622,0.0,0.03957061469554901,0.5000008344650269,0.0,True
0,5,23,random_baseline,0.052785225212574005,0.08410776406526566,0.0,0.03957061469554901,0.5000008344650269,0.0,True
0,5,24,random_baseline,-0.6517059803009033,-0.6859179735183716,0.0,0.03957061469554901,0.5000008344650269,0.0,True
0,5,25,random_baseline,-0.08062957972288132,-0.06872987002134323,0.0,0.03957061469554901,0.5000008344650269,0.0,True
0,5,26,random_baseline,-0.5367764234542847,-0.5629620552062988,0.0,0.03957061469554901,0.5000008344650269,0.0,True
0,5,27,random_baseline,-0.24799752235412598,-0.2098088264465332,0.0,0.03957061469554901,0.5000008344650269,0.0,True
0,5,28,random_baseline,-0.20530781149864197,-0.2071690559387207,0.03494023997808556,0.05970124900341034,0.4484030604362488,0.0,True
0,5,29,random_baseline,-0.24739116430282593,-0.25361037254333496,0.06819765428204441,0.08146099746227264,0.39495277404785156,0.0,True
0,5,30,random_baseline,-0.18019211292266846,-0.1866602897644043,0.03434229489759755,0.059303779155015945,0.449606716632843,0.0,True
0,5,31,random_baseline,-0.2731665372848511,-0.261399507522583,0.0,0.03957061469554901,0.5000008344650269,0.0,True
0,6,0,deterministic_actor,-0.7890093326568604,-0.7805054187774658,0.25177099073722337,0.10161428153514862,0.5571963787078857,0.0,True
0,6,1,actor_stochastic,-0.12350833415985107,-0.09851264208555222,0.08880670677587106,0.10192711651325226,0.3674871623516083,0.0,True
0,6,2,actor_stochastic,-0.1988813877105713,-0.20768356323242188,0.09446267249456149,0.08090545237064362,0.5000004768371582,0.0,True
0,6,3,actor_stochastic,0.02012372761964798,0.06873513013124466,0.07608069710148158,0.061424072831869125,0.4432661235332489,0.0,True
0,6,4,actor_stochastic,-0.21019935607910156,-0.2055530548095703,0.019775262552128196,0.04015973210334778,0.2500019073486328,0.0,True
0,6,5,actor_stochastic,0.2767553925514221,0.3630847930908203,0.15226335734998397,0.08150412142276764,0.6550194621086121,0.0,True
0,6,6,actor_stochastic,-0.05567925423383713,-0.06949125975370407,0.07611495629436098,0.061465442180633545,0.4431445896625519,0.0,True
0,6,7,actor_stochastic,-0.1124468743801117,-0.07921623438596725,0.020406675465595426,0.04081222414970398,0.2500018775463104,0.0,True
0,6,8,actor_stochastic,-0.027050485834479332,0.02784920483827591,0.14700127314102257,0.0791364312171936,0.6669766902923584,0.0,True
0,6,9,actor_stochastic,-0.19065439701080322,-0.18994617462158203,0.0,0.019724423065781593,0.250003844499588,0.0,True
0,6,10,actor_stochastic,-0.18705052137374878,-0.1013629361987114,0.0,0.019724423065781593,0.250003844499588,0.0,True
0,6,11,actor_stochastic,-0.29671716690063477,-0.2856588363647461,0.04038242201155807,0.04060652107000351,0.499596506357193,0.0,True
0,6,12,actor_stochastic,-0.3213808536529541,-0.33922863006591797,0.0,0.019724423065781593,0.250003844499588,0.0,True
0,6,13,actor_stochastic,-0.21284997463226318,-0.2099776268005371,0.07306828758668446,0.059515804052352905,0.44896194338798523,0.0,True
0,6,14,actor_stochastic,-0.4192211627960205,-0.39769840240478516,0.07509447347778805,0.06083456054329872,0.4450078010559082,0.0,True
0,6,15,actor_stochastic,0.10202408581972122,0.09950066357851028,0.019907751888184437,0.040296636521816254,0.2500018775463104,0.0,True
0,6,16,random_baseline,-0.06619035452604294,-0.043744079768657684,0.0,0.019724423065781593,0.250003844499588,0.0,True
0,6,17,random_baseline,-0.15271484851837158,-0.16153669357299805,0.09446386530234105,0.08048280328512192,0.4999360144138336,0.0,True
0,6,18,random_baseline,-0.08489561080932617,-0.03153323382139206,0.07647082368923531,0.06169191747903824,0.4424804747104645,0.0,True
0,6,19,random_baseline,0.10950589925050735,0.10492707043886185,0.0551027659178622,0.06078116595745087,0.448097288608551,0.0,True
0,6,20,random_baseline,-0.8042106628417969,-0.8098940849304199,0.0,0.019724423065781593,0.250003844499588,0.0,True
0,6,21,random_baseline,-0.10756814479827881,-0.08887480944395065,0.07325399183847664,0.05964692682027817,0.4485653042793274,0.0,True
0,6,22,random_baseline,0.134474515914917,0.15515470504760742,0.0,0.019724423065781593,0.250003844499588,0.0,True
0,6,23,random_baseline,-0.04053782671689987,-0.04765557497739792,0.09304106018829922,0.08006538450717926,0.4999954402446747,0.0,True
0,6,24,random_baseline,-0.11870980262756348,-0.13884449005126953,0.30351138841219055,0.10202232003211975,0.6890736818313599,0.0,True
0,6,25,random_baseline,0.30519628524780273,0.33435583114624023,0.07336613191995708,0.05967891216278076,0.44846871495246887,0.0,True
0,6,26,random_baseline,-0.17886102199554443,-0.15608644485473633,0.0762881948973467,0.06152848154306412,0.44295942783355713,0.0,True
0,6,27,random_baseline,-0.11965739727020264,-0.09679435938596725,0.06026745171905204,0.08200345188379288,0.25000089406967163,0.0,True
0,6,28,random_baseline,-0.1933474838733673,-0.10094916075468063,0.0,0.019724423065781593,0.250003844499588,0.0,True
0,6,29,random_baseline,-0.11571872234344482,-0.061125271022319794,0.0,0.019724423065781593,0.250003844499588,0.0,True
0,6,30,random_baseline,-0.09375571459531784,-0.07265471667051315,0.10463755126418545,0.08004400134086609,0.39770641922950745,0.0,True
0,6,31,random_baseline,-0.1131371259689331,-0.07889651507139206,0.13481438605051818,0.10148905217647552,0.3639845848083496,0.0,True
0,7,0,deterministic_actor,-0.7427595853805542,-0.7382422685623169,0.01947117731935131,0.12232493609189987,0.25000107288360596,0.0,True
0,7,1,actor_stochastic,-0.341267466545105,-0.37008190155029297,0.039640268316258956,0.14316721260547638,0.250000923871994,0.0,True
0,7,2,actor_stochastic,-0.16545915603637695,-0.14895868301391602,0.046284591792484495,0.1431923508644104,0.332396924495697,0.0,True
0,7,3,actor_stochastic,-0.21056365966796875,-0.22372746467590332,0.0,0.1022038608789444,0.2500012516975403,0.0,True
0,7,4,actor_stochastic,-0.1826164722442627,-0.16900062561035156,0.0,0.1022038608789444,0.2500012516975403,0.0,True
0,7,5,actor_stochastic,-0.29481053352355957,-0.26033782958984375,0.040290446610915805,0.14383909106254578,0.25000089406967163,0.0,True
0,7,6,actor_stochastic,-0.23529183864593506,-0.2024846076965332,0.0,0.1022038608789444,0.2500012516975403,0.0,True
0,7,7,actor_stochastic,-0.03485465049743652,0.04184050112962723,0.059268918180643185,0.16345101594924927,0.2500007748603821,0.0,True
0,7,8,actor_stochastic,-0.04862164705991745,-0.025298111140727997,0.0,0.1022038608789444,0.2500012516975403,0.0,True
0,7,9,actor_stochastic,-0.3133964538574219,-0.2916536331176758,0.0806720103545938,0.18556848168373108,0.2500007152557373,0.0,True
0,7,10,actor_stochastic,0.0031173303723335266,-0.010319702327251434,0.059282685074300075,0.142286017537117,0.4199512004852295,0.0,True
0,7,11,actor_stochastic,-0.07744859904050827,-0.0883321687579155,0.0,0.1022038608789444,0.2500012516975403,0.0,True
0,7,12,actor_stochastic,-0.2709641456604004,-0.25990819931030273,0.0,0.1022038608789444,0.2500012516975403,0.0,True
0,7,13,actor_stochastic,-0.16437697410583496,-0.1718597412109375,0.02027483213762096,0.12315541505813599,0.25000104308128357,0.0,True
0,7,14,actor_stochastic,-0.36734461784362793,-0.3801743984222412,0.0,0.1022038608789444,0.2500012516975403,0.0,True
0,7,15,actor_stochastic,-0.12782680988311768,-0.09573435038328171,0.026392927812707898,0.12205015867948532,0.34356462955474854,0.0,True
0,7,16,random_baseline,-0.3117375373840332,-0.3167703151702881,0.0,0.1022038608789444,0.2500012516975403,0.0,True
0,7,17,random_baseline,-0.21217823028564453,-0.22681903839111328,0.020669049340835337,0.1235627830028534,0.2500010132789612,0.0,True
0,7,18,random_baseline,-0.030985943973064423,-0.01119040697813034,0.026427669204476898,0.12207101285457611,0.3436557650566101,0.0,True
0,7,19,random_baseline,-0.4989231824874878,-0.5055727958679199,0.01919178228474257,0.12203621119260788,0.25000104308128357,0.0,True
0,7,20,random_baseline,-0.15362143516540527,-0.14292144775390625,0.020506928998371254,0.12339525669813156,0.25000104308128357,0.0,True
0,7,21,random_baseline,-0.01958107203245163,-0.01908206194639206,0.02016247287482707,0.12303930521011353,0.25000104308128357,0.0,True
0,7,22,random_baseline,-0.37936413288116455,-0.3903164863586426,0.02058026014433924,0.12347103655338287,0.25000104308128357,0.0,True
0,7,23,random_baseline,-0.35538625717163086,-0.36241602897644043,0.06378682069036305,0.16253893077373505,0.3193020224571228,0.0,True
0,7,24,random_baseline,-0.19492071866989136,-0.20701336860656738,0.0,0.1022038608789444,0.2500012516975403,0.0,True
0,7,25,random_baseline,-0.07776664942502975,-0.05726289004087448,0.02697175797549062,0.1223965734243393,0.34507614374160767,0.0,True
0,7,26,random_baseline,-0.04336171597242355,-0.07215403765439987,0.10122193811232214,0.16510328650474548,0.4731845557689667,0.0,True
0,7,27,random_baseline,-0.0031945928931236267,0.03063417226076126,0.061315164929857516,0.143362894654274,0.42325952649116516,0.0,True
0,7,28,random_baseline,-0.1595219373703003,-0.13866662979125977,0.0,0.1022038608789444,0.2500012516975403,0.0,True
0,7,29,random_baseline,-0.17124629020690918,-0.17497920989990234,0.020535946297101412,0.12342524528503418,0.25000104308128357,0.0,True
0,7,30,random_baseline,-0.2818571925163269,-0.300189733505249,0.019452892983465444,0.12230604141950607,0.25000104308128357,0.0,True
0,7,31,random_baseline,-0.000669233500957489,0.07315827161073685,0.06059773604030236,0.14298371970653534,0.4221038520336151,0.0,True
0,8,0,deterministic_actor,-0.7305512428283691,-0.7268120050430298,0.0,0.14358589053153992,0.25000110268592834,0.0,True
0,8,1,actor_stochastic,-0.0883335992693901,-0.06894492357969284,0.0,0.14358589053153992,0.25000110268592834,0.0,True
0,8,2,actor_stochastic,-0.040882520377635956,-0.0378560945391655,0.0,0.14358589053153992,0.25000110268592834,0.0,True
0,8,3,actor_stochastic,0.05272699147462845,0.06992179900407791,0.0,0.14358589053153992,0.25000110268592834,0.0,True
0,8,4,actor_stochastic,-0.06100558489561081,-0.039918892085552216,0.0,0.14358589053153992,0.25000110268592834,0.0,True
0,8,5,actor_stochastic,-0.1086726188659668,-0.09309863299131393,0.0,0.14358589053153992,0.25000110268592834,0.0,True
0,8,6,actor_stochastic,0.06043101102113724,0.08251477032899857,0.0,0.14358589053153992,0.25000110268592834,0.0,True
0,8,7,actor_stochastic,0.2526525855064392,0.30001211166381836,0.0,0.14358589053153992,0.25000110268592834,0.0,True
0,8,8,actor_stochastic,-0.23060548305511475,-0.24707698822021484,0.0,0.14358589053153992,0.25000110268592834,0.0,True
0,8,9,actor_stochastic,-0.37664687633514404,-0.38656044006347656,0.019505812581221162,0.16374273598194122,0.2500009536743164,0.0,True
0,8,10,actor_stochastic,-0.6980166435241699,-0.7283258438110352,0.0,0.14358589053153992,0.25000110268592834,0.0,True
0,8,11,actor_stochastic,-0.0551903173327446,-0.06952285021543503,0.0,0.14358589053153992,0.25000110268592834,0.0,True
0,8,12,actor_stochastic,0.0447528138756752,0.05422545224428177,0.0,0.14358589053153992,0.25000110268592834,0.0,True
0,8,13,actor_stochastic,0.018111057579517365,0.048808105289936066,0.0,0.14358589053153992,0.25000110268592834,0.0,True
0,8,14,actor_stochastic,-0.08753048628568649,-0.05667828768491745,0.0,0.14358589053153992,0.25000110268592834,0.0,True
0,8,15,actor_stochastic,0.08267653733491898,0.11577177792787552,0.0,0.14358589053153992,0.25000110268592834,0.0,True
0,8,16,random_baseline,-0.2611795663833618,-0.24765682220458984,0.0,0.14358589053153992,0.25000110268592834,0.0,True
0,8,17,random_baseline,-0.3125501871109009,-0.3460702896118164,0.0,0.14358589053153992,0.25000110268592834,0.0,True
0,8,18,random_baseline,-0.25429773330688477,-0.27229881286621094,0.019217013514679204,0.16344429552555084,0.2500009834766388,0.0,True
0,8,19,random_baseline,-0.0481184646487236,-0.04423617571592331,0.0,0.14358589053153992,0.25000110268592834,0.0,True
0,8,20,random_baseline,-0.3483758568763733,-0.36722874641418457,0.0,0.14358589053153992,0.25000110268592834,0.0,True
0,8,21,random_baseline,-0.03248583525419235,-0.045492641627788544,0.019843986276170116,0.16409219801425934,0.2500009536743164,0.0,True
0,8,22,random_baseline,0.0914304330945015,0.12312889844179153,0.0,0.14358589053153992,0.25000110268592834,0.0,True
0,8,23,random_baseline,-0.05634217709302902,-0.03957795351743698,0.0,0.14358589053153992,0.25000110268592834,0.0,True
0,8,24,random_baseline,-0.13463330268859863,-0.13924407958984375,0.0,0.14358589053153992,0.25000110268592834,0.0,True
0,8,25,random_baseline,-0.2000434398651123,-0.18466854095458984,0.01925530910448381,0.1634838730096817,0.2500009536743164,0.0,True
0,8,26,random_baseline,-0.08878635615110397,-0.084319107234478,0.0,0.14358589053153992,0.25000110268592834,0.0,True
0,8,27,random_baseline,-0.10946863144636154,-0.11056303232908249,0.0,0.14358589053153992,0.25000110268592834,0.0,True
0,8,28,random_baseline,-0.2533973455429077,-0.26906871795654297,0.0,0.14358589053153992,0.25000110268592834,0.0,True
0,8,29,random_baseline,-0.003125600516796112,0.022683866322040558,0.0,0.14358589053153992,0.25000110268592834,0.0,True
0,8,30,random_baseline,-0.06351041048765182,-0.03723429888486862,0.02047158082043973,0.16474074125289917,0.2500009536743164,0.0,True
0,8,31,random_baseline,0.31303495168685913,0.39069080352783203,0.0,0.14358589053153992,0.25000110268592834,0.0,True
0,9,0,deterministic_actor,-0.7890093326568604,-0.7805054187774658,0.25177099073722337,0.10161428153514862,0.5571963787078857,0.0,True
0,9,1,actor_stochastic,0.052863724529743195,0.09307385236024857,0.15078696125121574,0.0808127373456955,0.6617072820663452,0.0,True
0,9,2,actor_stochastic,-0.2101961374282837,-0.1722240447998047,0.01997690013182295,0.04036809504032135,0.2500018775463104,0.0,True
0,9,3,actor_stochastic,0.061929233372211456,0.10275460034608841,0.07635544433865914,0.06157228723168373,0.4428309202194214,0.0,True
0,9,4,actor_stochastic,-0.35647374391555786,-0.3674497604370117,0.07459724797876344,0.060487523674964905,0.44604063034057617,0.0,True
0,9,5,actor_stochastic,-0.09203099459409714,-0.07591056078672409,0.01983223585059703,0.04021860659122467,0.2500019073486328,0.0,True
0,9,6,actor_stochastic,-0.2604811191558838,-0.2642362117767334,0.3070733247017469,0.10187016427516937,0.6892023086547852,0.0,True
0,9,7,actor_stochastic,-0.11531329154968262,-0.06653546541929245,0.07633292864983768,0.06155761331319809,0.4428739547729492,0.0,True
0,9,8,actor_stochastic,-0.13480281829833984,-0.06257008761167526,0.0763510514837031,0.06158485263586044,0.4427940845489502,0.0,True
0,9,9,actor_stochastic,-0.2229616641998291,-0.18459701538085938,0.0396294326842731,0.06067658215761185,0.2500011920928955,0.0,True
0,9,10,actor_stochastic,-0.2472238540649414,-0.24947071075439453,0.1486174307811104,0.08229298144578934,0.3998123109340668,0.0,True
0,9,11,actor_stochastic,-0.14096838235855103,-0.13889288902282715,0.09759519106196204,0.06022058427333832,0.7497380375862122,0.0,True
0,9,12,actor_stochastic,-0.25771331787109375,-0.2633042335510254,0.13214116077188365,0.10119656473398209,0.4803686738014221,0.0,True
0,9,13,actor_stochastic,-0.16901910305023193,-0.11874865740537643,0.0,0.019724423065781593,0.250003844499588,0.0,True
0,9,14,actor_stochastic,-0.14845216274261475,-0.1197647973895073,0.0,0.019724423065781593,0.250003844499588,0.0,True
0,9,15,actor_stochastic,-0.08279203623533249,-0.0880279466509819,0.0,0.019724423065781593,0.250003844499588,0.0,True
0,9,16,random_baseline,-0.1254572868347168,-0.053624384105205536,0.15145471673362607,0.08112048357725143,0.6589101552963257,0.0,True
0,9,17,random_baseline,-0.21013379096984863,-0.18635320663452148,0.0,0.019724423065781593,0.250003844499588,0.0,True
0,9,18,random_baseline,-0.09927581995725632,-0.08078765124082565,0.0390549146254362,0.06008288636803627,0.2500011622905731,0.0,True
0,9,19,random_baseline,-0.03228834271430969,0.0763176754117012,0.0,0.019724423065781593,0.250003844499588,0.0,True
0,9,20,random_baseline,-0.15791046619415283,-0.07073640078306198,0.0,0.019724423065781593,0.250003844499588,0.0,True
0,9,21,random_baseline,-0.11393797397613525,-0.06266402453184128,0.1505331262185138,0.08069723844528198,0.6627205610275269,0.0,True
0,9,22,random_baseline,-0.05037914961576462,-0.02427911013364792,0.08184281694462331,0.10429894924163818,0.2500006854534149,0.0,True
0,9,23,random_baseline,-0.34938621520996094,-0.3589935302734375,0.07461034117827792,0.06046515703201294,0.4461074769496918,0.0,True
0,9,24,random_baseline,-0.2761942148208618,-0.24322223663330078,0.019723946438718304,0.04010670259594917,0.2500019073486328,0.0,True
0,9,25,random_baseline,-0.06706290692090988,-0.047026149928569794,0.06079963202322981,0.08255338668823242,0.25000086426734924,0.0,True
0,9,26,random_baseline,-0.0711314007639885,-0.05171417444944382,0.13647235194935528,0.10277510434389114,0.3624095320701599,0.0,True
0,9,27,random_baseline,-0.08446048945188522,-0.06892871111631393,0.039532086187865245,0.06057599186897278,0.2500011920928955,0.0,True
0,9,28,random_baseline,0.08017600327730179,0.13874101638793945,0.13681289972400476,0.10304024070501328,0.3620898127555847,0.0,True
0,9,29,random_baseline,-0.20425081253051758,-0.20148181915283203,0.040498601950721295,0.04066840559244156,0.49955326318740845,0.0,True
0,9,30,random_baseline,-0.5845558643341064,-0.6006035804748535,0.0,0.019724423065781593,0.250003844499588,0.0,True
0,9,31,random_baseline,-0.13419246673583984,-0.12858200073242188,0.0,0.019724423065781593,0.250003844499588,0.0,True
0,10,0,deterministic_actor,-0.7922593355178833,-0.7861193418502808,0.03568153194474702,0.0605742409825325,0.4518561065196991,0.0,True
0,10,1,actor_stochastic,-0.09525000303983688,-0.09571217745542526,0.22675260431333372,0.12283176183700562,0.4517363905906677,0.0,True
0,10,2,actor_stochastic,-0.03830903023481369,0.008263595402240753,0.07420027601251464,0.08045677840709686,0.5000013709068298,0.0,True
0,10,3,actor_stochastic,-0.1965622901916504,-0.22116613388061523,0.037015160257443676,0.061176858842372894,0.45529553294181824,0.0,True
0,10,4,actor_stochastic,-0.23615682125091553,-0.23342609405517578,0.034668201360508,0.06011518836021423,0.44913047552108765,0.0,True
0,10,5,actor_stochastic,-0.11248933523893356,-0.10054921358823776,0.0,0.04017361253499985,0.2500033974647522,0.0,True
0,10,6,actor_stochastic,-0.33258116245269775,-0.34679555892944336,0.0,0.04017361253499985,0.2500033974647522,0.0,True
0,10,7,actor_stochastic,-0.07532279938459396,-0.04062604159116745,0.22574091412818809,0.12265228480100632,0.453562468290329,0.0,True
0,10,8,actor_stochastic,-0.31106579303741455,-0.3305952548980713,0.0,0.04017361253499985,0.2500033974647522,0.0,True
0,10,9,actor_stochastic,-0.19553923606872559,-0.20490074157714844,0.0,0.04017361253499985,0.2500033974647522,0.0,True
0,10,10,actor_stochastic,-0.08699076622724533,-0.0925595685839653,0.2864649632058506,0.12348891794681549,0.6500132083892822,0.0,True
0,10,11,actor_stochastic,0.002686507999897003,0.01575804501771927,0.0,0.04017361253499985,0.2500033974647522,0.0,True
0,10,12,actor_stochastic,0.046908266842365265,0.0650935247540474,0.0761631761833218,0.08148671686649323,0.49990448355674744,0.0,True
0,10,13,actor_stochastic,-0.19359850883483887,-0.19777297973632812,0.019688148362301264,0.060518793761730194,0.25000226497650146,0.0,True
0,10,14,actor_stochastic,-0.17733502388000488,-0.18459320068359375,0.01925203868856984,0.06006813049316406,0.25000226497650146,0.0,True
0,10,15,actor_stochastic,0.13068251311779022,0.19674628973007202,0.0,0.04017361253499985,0.2500033974647522,0.0,True
0,10,16,random_baseline,-0.4708951413631439,-0.45001256465911865,0.08676856627449708,0.08033465594053268,0.6665971279144287,0.0,True
0,10,17,random_baseline,0.2809847295284271,0.3178365230560303,0.0,0.04017361253499985,0.2500033974647522,0.0,True
0,10,18,random_baseline,-0.5319863557815552,-0.5356426239013672,0.0,0.04017361253499985,0.2500033974647522,0.0,True
0,10,19,random_baseline,-0.3166886866092682,-0.33188295364379883,0.03533767107150675,0.060418590903282166,0.45094218850135803,0.0,True
0,10,20,random_baseline,-0.5946838855743408,-0.6107800006866455,0.0,0.04017361253499985,0.2500033974647522,0.0,True
0,10,21,random_baseline,-0.5436044931411743,-0.5132055282592773,0.07684463626575258,0.08184345066547394,0.49983519315719604,0.0,True
0,10,22,random_baseline,-0.03790592402219772,-0.05664633959531784,0.08763029721931803,0.08057491481304169,0.6678071022033691,0.0,True
0,10,23,random_baseline,-0.32667994499206543,-0.32592105865478516,0.019521916639831046,0.06034699082374573,0.25000226497650146,0.0,True
0,10,24,random_baseline,-0.19295275211334229,-0.17455244064331055,0.07416412493882434,0.08043928444385529,0.5000016093254089,0.0,True
0,10,25,random_baseline,-0.34528422355651855,-0.35340213775634766,0.0,0.04017361253499985,0.2500033974647522,0.0,True
0,10,26,random_baseline,-0.029561243951320648,-0.004068605601787567,0.11300301215454434,0.10140207409858704,0.4793359637260437,0.0,True
0,10,27,random_baseline,-0.48368191719055176,-0.49317145347595215,0.0,0.04017361253499985,0.2500033974647522,0.0,True
0,10,28,random_baseline,-0.21020150184631348,-0.21112775802612305,0.0,0.04017361253499985,0.2500033974647522,0.0,True
0,10,29,random_baseline,-0.4157388210296631,-0.43308115005493164,0.0744358843886237,0.08067837357521057,0.49999377131462097,0.0,True
0,10,30,random_baseline,-0.13120624423027039,-0.1378418207168579,0.2246604540755661,0.12245512008666992,0.45147642493247986,0.0,True
0,10,31,random_baseline,-0.20672857761383057,-0.23275470733642578,0.0,0.04017361253499985,0.2500033974647522,0.0,True
0,11,0,deterministic_actor,-0.8617911338806152,-0.8517483472824097,0.03832197692757508,0.1217631846666336,0.49989184737205505,0.0,True
0,11,1,actor_stochastic,-0.008255235850811005,-0.028285734355449677,0.0775075651449234,0.14235901832580566,0.4914402663707733,0.0,True
0,11,2,actor_stochastic,-0.35001713037490845,-0.38245248794555664,0.0,0.10195831209421158,0.4785044193267822,0.0,True
0,11,3,actor_stochastic,-0.18092751502990723,-0.19217491149902344,0.0,0.10195831209421158,0.4785044193267822,0.0,True
0,11,4,actor_stochastic,-0.007798723876476288,0.0035011842846870422,0.03430224239652769,0.12173020839691162,0.4482026696205139,0.0,True
0,11,5,actor_stochastic,-0.07963108271360397,-0.0595087930560112,0.0785601107268977,0.14292658865451813,0.4909953773021698,0.0,True
0,11,6,actor_stochastic,-0.3199136257171631,-0.30710935592651367,0.034374191546635034,0.1217745840549469,0.4481370449066162,0.0,True
0,11,7,actor_stochastic,-0.33397698402404785,-0.3329697847366333,0.0,0.10195831209421158,0.4785044193267822,0.0,True
0,11,8,actor_stochastic,-0.0012333914637565613,0.004201658070087433,0.07899750434169163,0.14316178858280182,0.49080896377563477,0.0,True
0,11,9,actor_stochastic,-0.1506209522485733,-0.14824151992797852,0.0799568817152441,0.1436816304922104,0.4903927743434906,0.0,True
0,11,10,actor_stochastic,-0.4193997383117676,-0.44225049018859863,0.03449052606630353,0.12184636294841766,0.4480307400226593,0.0,True
0,11,11,actor_stochastic,-0.18435359001159668,-0.15350866317749023,0.078929248973509,0.14312484860420227,0.4908383786678314,0.0,True
0,11,12,actor_stochastic,-0.24184173345565796,-0.25965213775634766,0.0,0.10195831209421158,0.4785044193267822,0.0,True
0,11,13,actor_stochastic,-0.2313387095928192,-0.2616393566131592,0.08039414382124997,0.14284604787826538,0.5742655992507935,0.0,True
0,11,14,actor_stochastic,-0.34973442554473877,-0.35410022735595703,0.0,0.10195831209421158,0.4785044193267822,0.0,True
0,11,15,actor_stochastic,-0.3197946548461914,-0.30682921409606934,0.07804781939653746,0.14265753328800201,0.4912071228027344,0.0,True
0,11,16,random_baseline,-0.5050867795944214,-0.5177804231643677,0.0,0.10195831209421158,0.4785044193267822,0.0,True
0,11,17,random_baseline,-0.3097057342529297,-0.29592442512512207,0.03954719354829182,0.12239377945661545,0.49995550513267517,0.0,True
0,11,18,random_baseline,-0.16005897521972656,-0.13417339324951172,0.06960174131191689,0.14351016283035278,0.41886234283447266,0.0,True
0,11,19,random_baseline,-0.21002638339996338,-0.1955704689025879,0.0,0.10195831209421158,0.4785044193267822,0.0,True
0,11,20,random_baseline,-0.2600283622741699,-0.24651813507080078,0.07754539353245457,0.14237715303897858,0.49142611026763916,0.0,True
0,11,21,random_baseline,-0.2201528549194336,-0.23557043075561523,0.0695743551835932,0.1434921771287918,0.4188840091228485,0.0,True
0,11,22,random_baseline,-0.19531702995300293,-0.1880474090576172,0.0,0.10195831209421158,0.4785044193267822,0.0,True
0,11,23,random_baseline,-0.3063598871231079,-0.3139972686767578,0.07985801017832893,0.14362800121307373,0.49043601751327515,0.0,True
0,11,24,random_baseline,-0.44440409541130066,-0.4520500898361206,0.0,0.10195831209421158,0.4785044193267822,0.0,True
0,11,25,random_baseline,0.05670643597841263,0.07053280621767044,0.03934264893222909,0.12228843569755554,0.49994686245918274,0.0,True
0,11,26,random_baseline,-0.15769177675247192,-0.1635758876800537,0.035278362915256656,0.12233337759971619,0.44731125235557556,0.0,True
0,11,27,random_baseline,-0.05749654024839401,-0.06369971483945847,0.0,0.10195831209421158,0.4785044193267822,0.0,True
0,11,28,random_baseline,-0.2755955457687378,-0.28785133361816406,0.03517591526217453,0.12226995825767517,0.4474048912525177,0.0,True
0,11,29,random_baseline,0.11392010003328323,0.11932755261659622,0.06881601783225985,0.142991304397583,0.4194892942905426,0.0,True
0,11,30,random_baseline,-0.02280377596616745,0.0066590383648872375,0.07954895068332239,0.14206847548484802,0.5779896378517151,0.0,True
0,11,31,random_baseline,-0.3683384656906128,-0.36407947540283203,0.0,0.10195831209421158,0.4785044193267822,0.0,True
0,12,0,deterministic_actor,-0.7890093326568604,-0.7805054187774658,0.25177099073722337,0.10161428153514862,0.5571963787078857,0.0,True
0,12,1,actor_stochastic,-0.2339184284210205,-0.19671058654785156,0.03944745220763797,0.06048852577805519,0.2500011920928955,0.0,True
0,12,2,actor_stochastic,-0.12007766216993332,-0.12228130549192429,0.09456702817865656,0.08079762011766434,0.49998629093170166,0.0,True
0,12,3,actor_stochastic,-0.17756569385528564,-0.16552305221557617,0.020194198793157227,0.04059264808893204,0.2500018775463104,0.0,True
0,12,4,actor_stochastic,-0.486788272857666,-0.4974238872528076,0.45215568159364405,0.12118317186832428,0.6412433981895447,0.0,True
0,12,5,actor_stochastic,-0.18142127990722656,-0.17448902130126953,0.020000906253575933,0.040392905473709106,0.2500018775463104,0.0,True
0,12,6,actor_stochastic,-0.17483282089233398,-0.19736909866333008,0.0789210123704664,0.101279616355896,0.2500006854534149,0.0,True
0,12,7,actor_stochastic,0.03571421653032303,0.06537199765443802,0.0,0.019724423065781593,0.250003844499588,0.0,True
0,12,8,actor_stochastic,-0.13167443871498108,-0.055572859942913055,0.0,0.019724423065781593,0.250003844499588,0.0,True
0,12,9,actor_stochastic,-0.04213368147611618,-0.028613083064556122,0.07633868042893716,0.06156136468052864,0.44286301732063293,0.0,True
0,12,10,actor_stochastic,-0.43752574920654297,-0.4361701011657715,0.07537409576881127,0.06100144982337952,0.4445130527019501,0.0,True
0,12,11,actor_stochastic,-0.2723972201347351,-0.2835679054260254,0.3351909602768258,0.101697638630867,0.5677974820137024,0.0,True
0,12,12,actor_stochastic,-0.23887357115745544,-0.21518933773040771,0.019101553413092814,0.03946353495121002,0.2500019371509552,0.0,True
0,12,13,actor_stochastic,-0.03035818785429001,-0.047349922358989716,0.07633524043590173,0.06155911460518837,0.4428695738315582,0.0,True
0,12,14,actor_stochastic,-0.15430545806884766,-0.17261695861816406,0.02058397699798115,0.040995437651872635,0.25000184774398804,0.0,True
0,12,15,actor_stochastic,-0.3603827953338623,-0.35643529891967773,0.07557636551355748,0.061011865735054016,0.4444822072982788,0.0,True
0,12,16,random_baseline,-0.5740262866020203,-0.5737800598144531,0.039200434867370466,0.06023326516151428,0.2500011920928955,0.0,True
0,12,17,random_baseline,0.186895489692688,0.24903392791748047,0.15264308090044945,0.08169573545455933,0.6524216532707214,0.0,True
0,12,18,random_baseline,0.049652643501758575,0.07562590390443802,0.10797318169401021,0.08244204521179199,0.3930956721305847,0.0,True
0,12,19,random_baseline,-0.44840437173843384,-0.4602823257446289,0.056048454841596276,0.060368794947862625,0.45671722292900085,0.0,True
0,12,20,random_baseline,-0.2553904056549072,-0.24299144744873047,0.0,0.019724423065781593,0.250003844499588,0.0,True
0,12,21,random_baseline,-0.16186732053756714,-0.04365777224302292,0.07338177223705111,0.059677764773368835,0.44847217202186584,0.0,True
0,12,22,random_baseline,0.1294485330581665,0.17149925231933594,0.10789769795682688,0.0823812186717987,0.3932094871997833,0.0,True
0,12,23,random_baseline,-0.08627485483884811,-0.08276652544736862,0.08132369177162663,0.10376249253749847,0.2500006854534149,0.0,True
0,12,24,random_baseline,-0.10626982897520065,-0.11701297014951706,0.30825850497159585,0.10297414660453796,0.6877617239952087,0.0,True
0,12,25,random_baseline,-0.4183763265609741,-0.4279961585998535,0.07352134920463309,0.05981902405619621,0.4480459690093994,0.0,True
0,12,26,random_baseline,-0.2705117464065552,-0.23045730590820312,0.038527496323689764,0.0595378652215004,0.2500011920928955,0.0,True
0,12,27,random_baseline,-0.131206214427948,-0.12744951248168945,0.15228582228102758,0.08151507377624512,0.6548941135406494,0.0,True
0,12,28,random_baseline,-0.2572135925292969,-0.23387229442596436,0.06056159880964239,0.08230741322040558,0.25000089406967163,0.0,True
0,12,29,random_baseline,-0.11915623396635056,-0.1254887580871582,0.0408804319489677,0.0619693398475647,0.25000113248825073,0.0,True
0,12,30,random_baseline,-0.37026143074035645,-0.3240785598754883,0.0,0.019724423065781593,0.250003844499588,0.0,True
0,12,31,random_baseline,-0.16953280568122864,-0.17984139919281006,0.15024421294697168,0.08062499761581421,0.6640347838401794,0.0,True
0,13,0,deterministic_actor,-0.8000593185424805,-0.7905688285827637,0.052816919385462145,0.08096813410520554,0.6641958355903625,0.0,True
0,13,1,actor_stochastic,-0.14094555377960205,-0.07259940356016159,0.14813403908372258,0.14347538352012634,0.5820583701133728,0.0,True
0,13,2,actor_stochastic,-0.1750684380531311,-0.21061158180236816,0.16974421606980034,0.12285874783992767,0.7499713897705078,0.0,True
0,13,3,actor_stochastic,-0.4451069235801697,-0.46706604957580566,0.0,0.06042450666427612,0.4462299942970276,0.0,True
0,13,4,actor_stochastic,-0.06572245806455612,-0.08546971529722214,0.10565683665863534,0.10079054534435272,0.6910778880119324,0.0,True
0,13,5,actor_stochastic,-0.3645845651626587,-0.3870124816894531,0.03948535673183593,0.08082713186740875,0.499977171421051,0.0,True
0,13,6,actor_stochastic,-0.009045593440532684,0.0027775838971138,0.05191756077704971,0.08066795021295547,0.6625675559043884,0.0,True
0,13,7,actor_stochastic,-0.14083611965179443,-0.10180329531431198,0.08686132611352437,0.12136509269475937,0.343509703874588,0.0,True
0,13,8,actor_stochastic,-0.4035015404224396,-0.41745686531066895,0.10600772056259317,0.10084015876054764,0.6910048127174377,0.0,True
0,13,9,actor_stochastic,-0.48495370149612427,-0.5173656940460205,0.0,0.06042450666427612,0.4462299942970276,0.0,True
0,13,10,actor_stochastic,-0.7325122356414795,-0.7461538314819336,0.10579891229319074,0.10076944530010223,0.691108763217926,0.0,True
0,13,11,actor_stochastic,-0.3637871742248535,-0.3824014663696289,0.0,0.06042450666427612,0.4462299942970276,0.0,True
0,13,12,actor_stochastic,-0.21113383769989014,-0.21699905395507812,0.0,0.06042450666427612,0.4462299942970276,0.0,True
0,13,13,actor_stochastic,-0.061465077102184296,-0.022212259471416473,0.2398200027264648,0.14340494573116302,0.5772775411605835,0.0,True
0,13,14,actor_stochastic,-0.32337522506713867,-0.3089303970336914,0.10822011366892405,0.10180959105491638,0.6894925236701965,0.0,True
0,13,15,actor_stochastic,-0.18273866176605225,-0.15906715393066406,0.10892800932492963,0.10198523104190826,0.6892020106315613,0.0,True
0,13,16,random_baseline,-0.33254194259643555,-0.33042240142822266,0.10728738874308812,0.10136497020721436,0.692185640335083,0.0,True
0,13,17,random_baseline,0.11010408401489258,0.17490792274475098,0.11026992499844673,0.10250939428806305,0.6883059144020081,0.0,True
0,13,18,random_baseline,-0.38776761293411255,-0.3708488941192627,0.0,0.06042450666427612,0.4462299942970276,0.0,True
0,13,19,random_baseline,-0.09138014167547226,-0.10031961649656296,0.0,0.06042450666427612,0.4462299942970276,0.0,True
0,13,20,random_baseline,-0.03747104853391647,-0.028621189296245575,0.0,0.06042450666427612,0.4462299942970276,0.0,True
0,13,21,random_baseline,-0.1763615608215332,-0.1791083812713623,0.0,0.06042450666427612,0.4462299942970276,0.0,True
0,13,22,random_baseline,-0.15989625453948975,-0.11339043825864792,0.0,0.06042450666427612,0.4462299942970276,0.0,True
0,13,23,random_baseline,-0.14178985357284546,-0.15664958953857422,0.0,0.06042450666427612,0.4462299942970276,0.0,True
0,13,24,random_baseline,-0.1055726408958435,-0.08597569912672043,0.0,0.06042450666427612,0.4462299942970276,0.0,True
0,13,25,random_baseline,-0.15629732608795166,-0.08596944063901901,0.0614807783303066,0.10232441127300262,0.3629574775695801,0.0,True
0,13,26,random_baseline,0.3046007752418518,0.4085400104522705,0.05916717882927927,0.1005445346236229,0.3651684522628784,0.0,True
0,13,27,random_baseline,0.014857538044452667,0.01423550397157669,0.10432839486796663,0.10027627646923065,0.6918095350265503,0.0,True
0,13,28,random_baseline,-0.3488849401473999,-0.3625779151916504,0.04075807109676495,0.08148372173309326,0.5000017285346985,0.0,True
0,13,29,random_baseline,-0.047893278300762177,-0.046071045100688934,0.05171798119452975,0.08060132712125778,0.6621999144554138,0.0,True
0,13,30,random_baseline,-0.09888362139463425,-0.11447524279356003,0.0,0.06042450666427612,0.4462299942970276,0.0,True
0,13,31,random_baseline,-0.2743184566497803,-0.29736804962158203,0.04056801551910768,0.08138550817966461,0.5000022649765015,0.0,True
0,14,0,deterministic_actor,-0.8747203350067139,-0.861376166343689,0.45029493145076704,0.22914911806583405,0.6672838926315308,0.0,True
0,14,1,actor_stochastic,-0.2406306266784668,-0.20577144622802734,0.0,0.14364425837993622,0.7149845957756042,0.0,True
0,14,2,actor_stochastic,0.008632928133010864,0.030392862856388092,0.11573468732154889,0.18493680655956268,0.7954148054122925,0.0,True
0,14,3,actor_stochastic,-0.19227075576782227,-0.14109373092651367,0.5601821797189459,0.2246616929769516,0.9136213660240173,0.0,True
0,14,4,actor_stochastic,-0.06149422377347946,-0.039518825709819794,0.27726890203869703,0.20556168258190155,0.6927165389060974,0.0,True
0,14,5,actor_stochastic,-0.22584009170532227,-0.16294622421264648,0.0,0.14364425837993622,0.7149845957756042,0.0,True
0,14,6,actor_stochastic,-0.1614842414855957,-0.1365046501159668,0.05932668745335562,0.16476820409297943,0.725563108921051,0.0,True
0,14,7,actor_stochastic,-0.17050576210021973,-0.16787147521972656,0.22741970686614713,0.185992032289505,0.6936936378479004,0.0,True
0,14,8,actor_stochastic,-0.02303265780210495,-0.014314644038677216,0.14212307462031062,0.18363896012306213,0.9564914703369141,0.0,True
0,14,9,actor_stochastic,-0.015943996608257294,0.01170254498720169,0.35802216405977566,0.20614850521087646,0.9602634906768799,0.0,True
0,14,10,actor_stochastic,-0.11293935775756836,-0.07407092303037643,0.2219494396313196,0.18492558598518372,0.694497287273407,0.0,True
0,14,11,actor_stochastic,-0.20570260286331177,-0.2077498435974121,0.4744232410180763,0.22525383532047272,0.8120284080505371,0.0,True
0,14,12,actor_stochastic,-0.1825854778289795,-0.18085956573486328,0.3452993255929162,0.2034395933151245,0.9583230018615723,0.0,True
0,14,13,actor_stochastic,-0.2580469846725464,-0.2051997184753418,0.3451133629378913,0.20516051352024078,0.8309645652770996,0.0,True
0,14,14,actor_stochastic,0.034995920956134796,0.07201481610536575,0.2813019674079461,0.20613984763622284,0.6923497319221497,0.0,True
0,14,15,actor_stochastic,0.017820723354816437,0.046692855656147,0.11054093000309347,0.18364892899990082,0.7013587951660156,0.0,True
0,14,16,random_baseline,-0.17051172256469727,-0.14509224891662598,0.11627679884639805,0.18491597473621368,0.7991845011711121,0.0,True
0,14,17,random_baseline,-0.28192925453186035,-0.2475271224975586,0.09950137172318962,0.1841939389705658,0.6077078580856323,0.0,True
0,14,18,random_baseline,0.0011054947972297668,0.029832370579242706,0.22814175932783043,0.1861245334148407,0.6937257647514343,0.0,True
0,14,19,random_baseline,-0.0766892358660698,-0.04691695421934128,0.11447726027644067,0.18516816198825836,0.698733389377594,0.0,True
0,14,20,random_baseline,-0.23356595635414124,-0.21290504932403564,0.14782188105709526,0.18512949347496033,0.9588697552680969,0.0,True
0,14,21,random_baseline,-0.18941879272460938,-0.15603256225585938,0.353695548003826,0.20493441820144653,0.9582487344741821,0.0,True
0,14,22,random_baseline,-0.3294076919555664,-0.32221126556396484,0.11252477929312378,0.18441122770309448,0.7000495791435242,0.0,True
0,14,23,random_baseline,-0.002213113009929657,0.02868414670228958,0.11318138190743669,0.18467852473258972,0.6995865702629089,0.0,True
0,14,24,random_baseline,-0.3266415596008301,-0.31078624725341797,0.05408991061099763,0.16489645838737488,0.6575255393981934,0.0,True
0,14,25,random_baseline,0.013411767780780792,0.0539712980389595,0.35670214806023065,0.20588642358779907,0.9583234190940857,0.0,True
0,14,26,random_baseline,-0.2637995481491089,-0.26830101013183594,0.2547224493895053,0.2042127549648285,0.6523880362510681,0.0,True
0,14,27,random_baseline,-0.20606040954589844,-0.16209864616394043,0.11251492305553332,0.18441151082515717,0.700049102306366,0.0,True
0,14,28,random_baseline,0.16930842399597168,0.15163326263427734,0.0,0.14364425837993622,0.7149845957756042,0.0,True
0,14,29,random_baseline,-0.08630955219268799,-0.018956176936626434,0.22148571657285002,0.18496422469615936,0.6923983097076416,0.0,True
0,14,30,random_baseline,-0.0883960947394371,-0.06486772745847702,0.11443571734243929,0.18516167998313904,0.6987447738647461,0.0,True
0,14,31,random_baseline,-0.17682838439941406,-0.21586227416992188,0.11255729657135413,0.18443238735198975,0.7000130414962769,0.0,True
0,15,0,deterministic_actor,-0.7890093326568604,-0.7805054187774658,0.25177099073722337,0.10161428153514862,0.5571963787078857,0.0,True
0,15,1,actor_stochastic,-0.6183500289916992,-0.6450737714767456,0.03871884737826817,0.059735603630542755,0.2500012218952179,0.0,True
0,15,2,actor_stochastic,-0.13949012756347656,-0.1175384446978569,0.05501288773631398,0.0607968233525753,0.44742634892463684,0.0,True
0,15,3,actor_stochastic,-0.026490680873394012,-0.03171347826719284,0.1504072538509523,0.10131668299436569,0.6954309344291687,0.0,True
0,15,4,actor_stochastic,0.07217539101839066,0.05921340733766556,0.019588909985082507,0.03996716067194939,0.2500019073486328,0.0,True
0,15,5,actor_stochastic,-0.18189358711242676,-0.11264228075742722,0.038275759663667745,0.03950108587741852,0.5000016093254089,0.0,True
0,15,6,actor_stochastic,-0.19438409805297852,-0.17984485626220703,0.019725642209932958,0.04010845720767975,0.2500019073486328,0.0,True
0,15,7,actor_stochastic,-0.12346285581588745,-0.10537790507078171,0.07529488594929916,0.06091022118926048,0.4447832405567169,0.0,True
0,15,8,actor_stochastic,-0.18976080417633057,-0.19443774223327637,0.13325714434748792,0.10153462737798691,0.47879913449287415,0.0,True
0,15,9,actor_stochastic,-0.04735279083251953,0.011042602360248566,0.0763903264679031,0.06159501522779465,0.4427642822265625,0.0,True
0,15,10,actor_stochastic,-0.12419271469116211,-0.12819957733154297,0.0564526390266437,0.06085319444537163,0.45558395981788635,0.0,True
0,15,11,actor_stochastic,0.208845853805542,0.20273494720458984,0.1481975924359386,0.08205804228782654,0.40304234623908997,0.0,True
0,15,12,actor_stochastic,-0.2613218426704407,-0.2817213535308838,0.020139772612267952,0.040536411106586456,0.2500018775463104,0.0,True
0,15,13,actor_stochastic,-0.19955241680145264,-0.18485069274902344,0.07134867175230085,0.08170690387487411,0.3967524766921997,0.0,True
0,15,14,actor_stochastic,-0.21482032537460327,-0.24613475799560547,0.10782321091782687,0.08232714235782623,0.39331087470054626,0.0,True
0,15,15,actor_stochastic,0.10989093780517578,0.13879013061523438,0.0,0.019724423065781593,0.250003844499588,0.0,True
0,15,16,random_baseline,-0.08017813414335251,-0.08527898043394089,0.25046555606295257,0.10155513882637024,0.5591464042663574,0.0,True
0,15,17,random_baseline,-0.19745755195617676,-0.18976497650146484,0.020408463523678904,0.04081407189369202,0.25000184774398804,0.0,True
0,15,18,random_baseline,-0.2719411849975586,-0.26761436462402344,0.07618972019396747,0.06146438419818878,0.4431476593017578,0.0,True
0,15,19,random_baseline,-0.27311575412750244,-0.2365570068359375,0.0,0.019724423065781593,0.250003844499588,0.0,True
0,15,20,random_baseline,-0.1777205467224121,-0.1903390884399414,0.12744859498064057,0.08171296864748001,0.6555227637290955,0.0,True
0,15,21,random_baseline,-0.2753490209579468,-0.27222681045532227,0.073475584146383,0.059790901839733124,0.44813072681427,0.0,True
0,15,22,random_baseline,0.008633650839328766,0.061146385967731476,0.061015034189409754,0.08277598768472672,0.25000086426734924,0.0,True
0,15,23,random_baseline,-0.5550656318664551,-0.5630072355270386,0.4579836112029446,0.12228678166866302,0.6418398022651672,0.0,True
0,15,24,random_baseline,-0.13195598125457764,-0.09797047823667526,0.07439344396482302,0.06034836173057556,0.4464564025402069,0.0,True
0,15,25,random_baseline,-0.19863271713256836,-0.2128310203552246,0.0,0.019724423065781593,0.250003844499588,0.0,True
0,15,26,random_baseline,-0.18894875049591064,-0.14934635162353516,0.019436608965461354,0.03980977460741997,0.2500019073486328,0.0,True
0,15,27,random_baseline,-0.0918351337313652,-0.08818399161100388,0.020731647523959028,0.04114803671836853,0.25000184774398804,0.0,True
0,15,28,random_baseline,-0.04383980482816696,-0.031594447791576385,0.0,0.019724423065781593,0.250003844499588,0.0,True
0,15,29,random_baseline,-0.2693842649459839,-0.2730746269226074,0.020244873512828786,0.040645018219947815,0.2500018775463104,0.0,True
0,15,30,random_baseline,-0.053040556609630585,-0.020418398082256317,0.07699847155456795,0.062026362866163254,0.44150441884994507,0.0,True
0,15,31,random_baseline,-0.16692769527435303,-0.15044498443603516,0.0,0.019724423065781593,0.250003844499588,0.0,True
0,16,0,deterministic_actor,-1.1132862567901611,-1.1154234409332275,0.07968152307756059,0.14093779027462006,0.329264372587204,0.0,True
0,16,1,actor_stochastic,-0.008220426738262177,0.020681388676166534,0.027851293364479533,0.10114647448062897,0.36441171169281006,0.0,True
0,16,2,actor_stochastic,-0.07852363586425781,-0.03159903734922409,0.06391435537514928,0.12191834300756454,0.44898077845573425,0.0,True
0,16,3,actor_stochastic,0.06378496438264847,0.05271077901124954,0.0,0.08140163123607635,0.3950660824775696,0.0,True
0,16,4,actor_stochastic,-0.11506509780883789,-0.08072756975889206,0.05454476490137318,0.12121672183275223,0.3436364531517029,0.0,True
0,16,5,actor_stochastic,-0.2933681011199951,-0.3186016082763672,0.0,0.08140163123607635,0.3950660824775696,0.0,True
0,16,6,actor_stochastic,0.04086066037416458,0.04774666577577591,0.06401195104610295,0.12193445861339569,0.4494032561779022,0.0,True
0,16,7,actor_stochastic,-0.2340097427368164,-0.2509193420410156,0.028149382257954547,0.10137329995632172,0.3641289472579956,0.0,True
0,16,8,actor_stochastic,-0.017656080424785614,-0.008564941585063934,0.0,0.08140163123607635,0.3950660824775696,0.0,True
0,16,9,actor_stochastic,0.018048055469989777,0.003257758915424347,0.17190126012655368,0.16445687413215637,0.7165015935897827,0.0,True
0,16,10,actor_stochastic,-0.03515707701444626,0.006367214024066925,0.07943875785477417,0.14073792099952698,0.3293885290622711,0.0,True
0,16,11,actor_stochastic,-0.10826718807220459,-0.08333968371152878,0.06722673874271716,0.12414725124835968,0.44940924644470215,0.0,True
0,16,12,actor_stochastic,-0.2989853620529175,-0.2983379364013672,0.0,0.08140163123607635,0.3950660824775696,0.0,True
0,16,13,actor_stochastic,-0.18153703212738037,-0.19232892990112305,0.04294825998245665,0.10125851631164551,0.558772087097168,0.0,True
0,16,14,actor_stochastic,-0.33398324251174927,-0.35120391845703125,0.10662551424139362,0.16287903487682343,0.31760919094085693,0.0,True
0,16,15,actor_stochastic,-0.053683869540691376,-0.020149700343608856,0.0,0.08140163123607635,0.3950660824775696,0.0,True
0,16,16,random_baseline,-0.04842614382505417,-0.06129836291074753,0.09014132832599342,0.14199943840503693,0.44767871499061584,0.0,True
0,16,17,random_baseline,0.010718472301959991,0.01639319211244583,0.09643757226548755,0.12289586663246155,0.6383629441261292,0.0,True
0,16,18,random_baseline,-0.22758901119232178,-0.19780254364013672,0.0,0.08140163123607635,0.3950660824775696,0.0,True
0,16,19,random_baseline,-0.327731728553772,-0.33116912841796875,0.04327338200698209,0.10138161480426788,0.5595333576202393,0.0,True
0,16,20,random_baseline,-0.19431555271148682,-0.1743636131286621,0.0,0.08140163123607635,0.3950660824775696,0.0,True
0,16,21,random_baseline,-0.045897476375103,-0.028538696467876434,0.0,0.08140163123607635,0.3950660824775696,0.0,True
0,16,22,random_baseline,-0.40299201011657715,-0.4233217239379883,0.11647967076296334,0.14440351724624634,0.5781335830688477,0.0,True
0,16,23,random_baseline,-0.19050800800323486,-0.2138671875,0.13328597707248044,0.16298720240592957,0.529877781867981,0.0,True
0,16,24,random_baseline,0.017019160091876984,0.03447199612855911,0.0,0.08140163123607635,0.3950660824775696,0.0,True
0,16,25,random_baseline,-0.02362775057554245,0.003628261387348175,0.0,0.08140163123607635,0.3950660824775696,0.0,True
0,16,26,random_baseline,-0.04310893267393112,-0.013826362788677216,0.0,0.08140163123607635,0.3950660824775696,0.0,True
0,16,27,random_baseline,-0.12828588485717773,-0.13710927963256836,0.027960955543532024,0.10122988373041153,0.36430755257606506,0.0,True
0,16,28,random_baseline,-0.029575519263744354,-0.004265062510967255,0.37823019204022623,0.20309346914291382,0.5980300307273865,0.0,True
0,16,29,random_baseline,-0.022435538470745087,-0.023631088435649872,0.08976974678452998,0.1434420943260193,0.41800978779792786,0.0,True
0,16,30,random_baseline,-0.021921388804912567,0.02385617047548294,0.05417801919183615,0.12092477828264236,0.3438868224620819,0.0,True
0,16,31,random_baseline,0.03904176503419876,0.03912115842103958,0.11311678340643122,0.14215712249279022,0.5798864960670471,0.0,True
0,17,0,deterministic_actor,-1.1122281551361084,-1.1236220598220825,0.0,0.08140163123607635,0.395066499710083,0.0,True
0,17,1,actor_stochastic,-0.024782530963420868,-0.010477535426616669,0.0,0.08140163123607635,0.395066499710083,0.0,True
0,17,2,actor_stochastic,-0.5884362459182739,-0.6160964965820312,0.0,0.08140163123607635,0.395066499710083,0.0,True
0,17,3,actor_stochastic,-0.08346449583768845,-0.060330383479595184,0.0,0.08140163123607635,0.395066499710083,0.0,True
0,17,4,actor_stochastic,-0.18200469017028809,-0.20128345489501953,0.0,0.08140163123607635,0.395066499710083,0.0,True
0,17,5,actor_stochastic,-0.507777214050293,-0.5305743217468262,0.0,0.08140163123607635,0.395066499710083,0.0,True
0,17,6,actor_stochastic,-0.011834792792797089,-0.01843523234128952,0.0,0.08140163123607635,0.395066499710083,0.0,True
0,17,7,actor_stochastic,-0.07217966765165329,-0.06266593188047409,0.0,0.08140163123607635,0.395066499710083,0.0,True
0,17,8,actor_stochastic,-0.12133097648620605,-0.1410837173461914,0.0,0.08140163123607635,0.395066499710083,0.0,True
0,17,9,actor_stochastic,-0.41223740577697754,-0.44645071029663086,0.0,0.08140163123607635,0.395066499710083,0.0,True
0,17,10,actor_stochastic,-0.26885074377059937,-0.3025045394897461,0.0,0.08140163123607635,0.395066499710083,0.0,True
0,17,11,actor_stochastic,-0.11051224917173386,-0.10370444506406784,0.0,0.08140163123607635,0.395066499710083,0.0,True
0,17,12,actor_stochastic,0.08662081509828568,0.07275772839784622,0.0,0.08140163123607635,0.395066499710083,0.0,True
0,17,13,actor_stochastic,-0.06753351539373398,-0.041240982711315155,0.0,0.08140163123607635,0.395066499710083,0.0,True
0,17,14,actor_stochastic,-0.3512878119945526,-0.3741927146911621,0.0,0.08140163123607635,0.395066499710083,0.0,True
0,17,15,actor_stochastic,-0.30467140674591064,-0.30459094047546387,0.0,0.08140163123607635,0.395066499710083,0.0,True
0,17,16,random_baseline,-0.23233914375305176,-0.2572956085205078,0.0,0.08140163123607635,0.395066499710083,0.0,True
0,17,17,random_baseline,-0.005867950618267059,0.035172946751117706,0.0,0.08140163123607635,0.395066499710083,0.0,True
0,17,18,random_baseline,-0.056689344346523285,-0.024446003139019012,0.04332433358726012,0.10140088200569153,0.5596524477005005,0.0,True
0,17,19,random_baseline,0.03523804992437363,0.04175043851137161,0.0,0.08140163123607635,0.395066499710083,0.0,True
0,17,20,random_baseline,0.35740235447883606,0.4172612428665161,0.0,0.08140163123607635,0.395066499710083,0.0,True
0,17,21,random_baseline,-0.03530406206846237,-0.05510377138853073,0.044855981834393606,0.10197848081588745,0.5631728172302246,0.0,True
0,17,22,random_baseline,-0.015434972941875458,0.015974052250385284,0.0,0.08140163123607635,0.395066499710083,0.0,True
0,17,23,random_baseline,-0.09993255138397217,-0.07010256499052048,0.0,0.08140163123607635,0.395066499710083,0.0,True
0,17,24,random_baseline,-1.0211524963378906,-1.0588696002960205,0.0,0.08140163123607635,0.395066499710083,0.0,True
0,17,25,random_baseline,-0.175784170627594,-0.17161226272583008,0.0445591134347588,0.10186680406332016,0.5624984502792358,0.0,True
0,17,26,random_baseline,-0.7541778683662415,-0.7780959010124207,0.0,0.08140163123607635,0.395066499710083,0.0,True
0,17,27,random_baseline,-0.07192587107419968,-0.08220385760068893,0.0,0.08140163123607635,0.395066499710083,0.0,True
0,17,28,random_baseline,-0.4102046489715576,-0.4082307815551758,0.0,0.08140163123607635,0.395066499710083,0.0,True
0,17,29,random_baseline,-0.3650578260421753,-0.3864588737487793,0.0,0.08140163123607635,0.395066499710083,0.0,True
0,17,30,random_baseline,0.025106318295001984,0.03758431226015091,0.0,0.08140163123607635,0.395066499710083,0.0,True
0,17,31,random_baseline,0.3198690712451935,0.37932682037353516,0.0,0.08140163123607635,0.395066499710083,0.0,True
0,18,0,deterministic_actor,-0.7890093326568604,-0.7805054187774658,0.25177099073722337,0.10161428153514862,0.5571963787078857,0.0,True
0,18,1,actor_stochastic,-0.13167786598205566,-0.11680793017148972,0.0,0.019724423065781593,0.250003844499588,0.0,True
0,18,2,actor_stochastic,-0.19611001014709473,-0.17705917358398438,0.0,0.019724423065781593,0.250003844499588,0.0,True
0,18,3,actor_stochastic,0.08739877492189407,0.07428932934999466,0.020298649071292852,0.04070058465003967,0.2500018775463104,0.0,True
0,18,4,actor_stochastic,-0.014460556209087372,-0.026254646480083466,0.2552063555861868,0.08270535618066788,0.6591273546218872,0.0,True
0,18,5,actor_stochastic,-0.20688223838806152,-0.17872047424316406,0.019175806274163182,0.03954026475548744,0.2500019371509552,0.0,True
0,18,6,actor_stochastic,-0.23445987701416016,-0.1919698715209961,0.01990484023747302,0.04029363393783569,0.2500018775463104,0.0,True
0,18,7,actor_stochastic,-0.09762823581695557,-0.03961466997861862,0.07636344099584279,0.06157749891281128,0.4428156614303589,0.0,True
0,18,8,actor_stochastic,-0.23787903785705566,-0.24188899993896484,0.07638163073768811,0.06158934533596039,0.4427809417247772,0.0,True
0,18,9,actor_stochastic,-0.12823867797851562,-0.10824679583311081,0.07619813906357598,0.06146986037492752,0.44313162565231323,0.0,True
0,18,10,actor_stochastic,-0.13323235511779785,-0.1404266357421875,0.15020227779377782,0.0805797129869461,0.6637065410614014,0.0,True
0,18,11,actor_stochastic,-0.09996461123228073,-0.10554599016904831,0.054728630337304046,0.06034916266798973,0.4490409791469574,0.0,True
0,18,12,actor_stochastic,0.07126868516206741,0.05212260037660599,0.05691333507581585,0.061452269554138184,0.45396503806114197,0.0,True
0,18,13,actor_stochastic,-0.011053435504436493,0.019109733402729034,0.10783340400248856,0.08234163373708725,0.3932837247848511,0.0,True
0,18,14,actor_stochastic,0.28246545791625977,0.3669915199279785,0.15370440296364896,0.08214379847049713,0.6525779962539673,0.0,True
0,18,15,actor_stochastic,-0.15817618370056152,-0.0465691015124321,0.0,0.019724423065781593,0.250003844499588,0.0,True
0,18,16,random_baseline,-0.13056576251983643,-0.07512807101011276,0.12604238073844168,0.08092175424098969,0.6574401259422302,0.0,True
0,18,17,random_baseline,-0.355022668838501,-0.34772491455078125,0.019137517605873736,0.03950069844722748,0.2500019073486328,0.0,True
0,18,18,random_baseline,-0.09278165549039841,-0.09641598910093307,0.07581350585168903,0.06122002750635147,0.4438670575618744,0.0,True
0,18,19,random_baseline,-0.09783005714416504,-0.06986092776060104,0.038302925457092116,0.05930580198764801,0.2500012218952179,0.0,True
0,18,20,random_baseline,-0.29660284519195557,-0.3164939880371094,0.07384231370571798,0.060019977390766144,0.4474410116672516,0.0,True
0,18,21,random_baseline,-0.24548137187957764,-0.2603950500488281,0.020543896810850646,0.040954023599624634,0.25000184774398804,0.0,True
0,18,22,random_baseline,-0.18203997611999512,-0.1914527416229248,0.07351158756108317,0.05980318784713745,0.44809359312057495,0.0,True
0,18,23,random_baseline,-0.14275920391082764,-0.1072850152850151,0.0,0.019724423065781593,0.250003844499588,0.0,True
0,18,24,random_baseline,0.1612534523010254,0.1914982795715332,0.0,0.019724423065781593,0.250003844499588,0.0,True
0,18,25,random_baseline,-0.19926762580871582,-0.19697237014770508,0.0,0.019724423065781593,0.250003844499588,0.0,True
0,18,26,random_baseline,-0.1300058364868164,-0.14212608337402344,0.0,0.019724423065781593,0.250003844499588,0.0,True
0,18,27,random_baseline,-0.2897978723049164,-0.227858304977417,0.0,0.019724423065781593,0.250003844499588,0.0,True
0,18,28,random_baseline,-0.1410260796546936,-0.09577655047178268,0.0,0.019724423065781593,0.250003844499588,0.0,True
0,18,29,random_baseline,-0.09537296742200851,-0.0788642093539238,0.4597075829775367,0.10228729993104935,0.6887113451957703,0.0,True
0,18,30,random_baseline,-0.09144877642393112,-0.07978438585996628,0.019965643440998073,0.04035646468400955,0.2500018775463104,0.0,True
0,18,31,random_baseline,-0.1622539758682251,-0.1634840965270996,0.07459859767421999,0.06045951694250107,0.4461243748664856,0.0,True
0,19,0,deterministic_actor,-0.7936273217201233,-0.7924251556396484,0.0,0.060325294733047485,0.25000226497650146,0.0,True
0,19,1,actor_stochastic,-0.1858154535293579,-0.2054126262664795,0.06024948692644948,0.12258564680814743,0.25000104308128357,0.0,True
0,19,2,actor_stochastic,-0.12353277206420898,-0.13645172119140625,0.06788620224996361,0.10023322701454163,0.480081707239151,0.0,True
0,19,3,actor_stochastic,-0.012194089591503143,0.003342635929584503,0.0,0.060325294733047485,0.25000226497650146,0.0,True
0,19,4,actor_stochastic,-0.09513889998197556,-0.11976765841245651,0.0,0.060325294733047485,0.25000226497650146,0.0,True
0,19,5,actor_stochastic,-0.07279729098081589,-0.09305619448423386,0.0,0.060325294733047485,0.25000226497650146,0.0,True
0,19,6,actor_stochastic,-0.2003312110900879,-0.19121551513671875,0.04737912097825879,0.09998352825641632,0.3669382333755493,0.0,True
0,19,7,actor_stochastic,-0.2639015316963196,-0.2890510559082031,0.0,0.060325294733047485,0.25000226497650146,0.0,True
0,19,8,actor_stochastic,-0.15166807174682617,-0.11780738085508347,0.03998279449065885,0.10164253413677216,0.2500012516975403,0.0,True
0,19,9,actor_stochastic,-0.1517542600631714,-0.15626168251037598,0.0,0.060325294733047485,0.25000226497650146,0.0,True
0,19,10,actor_stochastic,-0.3961683511734009,-0.4075026512145996,0.0,0.060325294733047485,0.25000226497650146,0.0,True
0,19,11,actor_stochastic,-0.3397245407104492,-0.3614675998687744,0.07173818232520518,0.10208497196435928,0.4839937686920166,0.0,True
0,19,12,actor_stochastic,-0.128037691116333,-0.14168453216552734,0.0807358959395376,0.10260651260614395,0.5806379914283752,0.0,True
0,19,13,actor_stochastic,-0.36667680740356445,-0.3814210891723633,0.0,0.060325294733047485,0.25000226497650146,0.0,True
0,19,14,actor_stochastic,-0.08107685297727585,-0.107268325984478,0.0,0.060325294733047485,0.25000226497650146,0.0,True
0,19,15,actor_stochastic,-0.14701247215270996,-0.14324283599853516,0.0,0.060325294733047485,0.25000226497650146,0.0,True
0,19,16,random_baseline,0.2418268918991089,0.2675161361694336,0.0,0.060325294733047485,0.25000226497650146,0.0,True
0,19,17,random_baseline,0.07502914220094681,0.11342168599367142,0.13170201832092546,0.10320308804512024,0.5838525295257568,0.0,True
0,19,18,random_baseline,-0.11321425437927246,-0.09749125689268112,0.030467669931918157,0.08010163903236389,0.39800944924354553,0.0,True
0,19,19,random_baseline,-0.046226970851421356,-0.033696167171001434,0.0,0.060325294733047485,0.25000226497650146,0.0,True
0,19,20,random_baseline,-0.14289402961730957,-0.12972354888916016,0.3006722013501771,0.1638483703136444,0.5337600111961365,0.0,True
0,19,21,random_baseline,-0.24606454372406006,-0.26261138916015625,0.03865118610680359,0.1002664789557457,0.25000131130218506,0.0,True
0,19,22,random_baseline,-0.5275948643684387,-0.5446529388427734,0.0,0.060325294733047485,0.25000226497650146,0.0,True
0,19,23,random_baseline,0.04660574346780777,0.05571437627077103,0.0,0.060325294733047485,0.25000226497650146,0.0,True
0,19,24,random_baseline,-0.10435747355222702,-0.0911254808306694,0.07072383889258081,0.10162913054227829,0.48307910561561584,0.0,True
0,19,25,random_baseline,0.031467683613300323,0.08014202862977982,0.0,0.060325294733047485,0.25000226497650146,0.0,True
0,19,26,random_baseline,-0.10902178287506104,-0.0753178521990776,0.040322195600963166,0.10199325531721115,0.25000128149986267,0.0,True
0,19,27,random_baseline,-0.17091476917266846,-0.1806492805480957,0.0,0.060325294733047485,0.25000226497650146,0.0,True
0,19,28,random_baseline,-0.020665936172008514,-0.02968715876340866,0.07887158352352398,0.10189718008041382,0.5764189958572388,0.0,True
0,19,29,random_baseline,-0.1964874267578125,-0.1995384693145752,0.0,0.060325294733047485,0.25000226497650146,0.0,True
0,19,30,random_baseline,-0.026841871440410614,-0.007219307124614716,0.07129511537515024,0.10188999772071838,0.4836062788963318,0.0,True
0,19,31,random_baseline,-0.3243885040283203,-0.3582792282104492,0.03131460729166652,0.08052320778369904,0.40053510665893555,0.0,True
