seed,policy_type,mean_cumulative_reward,std_cumulative_reward,mean_TotalThroughput,std_TotalThroughput,mean_FairIdx,std_FairIdx,mean_ProbCollision,all_metrics_finite,candidate_score_reward_corr
0,critic_selected_actor_topk,0.09060233659317866,0.09264251424217866,0.05891150524839759,0.02073194973455885,0.43089723736047747,0.15305015696784716,0.0,True,0.04889934608822303
0,deterministic_actor,0.30651232436202114,5.551115123125783e-17,0.10175544023513794,0.0,0.6891295909881592,0.0,0.0,True,0.04889934608822303
0,random_baseline,0.08309650066129412,0.09104135863995833,0.06296753007918596,0.029851080161021795,0.3414143487811089,0.11157705569534933,0.0,True,0.04889934608822303
0,stochastic_actor_single,0.056843027016953374,0.07590447928724096,0.049584302864968774,0.028781325325472513,0.3709863036870956,0.16840616923652196,0.0,True,0.04889934608822303
1,critic_selected_actor_topk,0.024003744731641043,0.029179989896529774,0.03813207549974322,0.01822458044083805,0.29470123946666715,0.09166861424094282,0.0,True,-0.1193668047376683
1,deterministic_actor,0.0,0.0,0.019724423065781593,0.0,0.250003844499588,0.0,0.0,True,-0.1193668047376683
1,random_baseline,0.0850048005751057,0.07879149712845343,0.06161859501153231,0.03332938438124815,0.442980007827282,0.166007525769624,0.0,True,-0.1193668047376683
1,stochastic_actor_single,0.08855346307128113,0.14577002458702945,0.05676952749490738,0.03366992799526497,0.3977690577507019,0.1658169555023794,0.0,True,-0.1193668047376683
2,critic_selected_actor_topk,0.04932661604812883,0.04149101767101309,0.05452198786661029,0.02073471249065464,0.34728988260030746,0.10946299247975748,0.0,True,-0.044987231729478605
2,deterministic_actor,0.019644702011630384,3.469446951953614e-18,0.04002481326460838,0.0,0.2500019073486328,0.0,0.0,True,-0.044987231729478605
2,random_baseline,0.04126617196880832,0.049337827961418015,0.04853536654263735,0.0287415935666868,0.32697165161371233,0.141671588963495,0.0,True,-0.044987231729478605
2,stochastic_actor_single,0.032322396222470504,0.03080951781634101,0.04439916862174868,0.019140736662052793,0.29619154185056684,0.08062766731200892,0.0,True,-0.044987231729478605
