seed,policy_type,num_episodes,mean_cumulative_reward,std_cumulative_reward,mean_TotalThroughput,mean_FairIdx,mean_ProbCollision,collision_episode_ratio,mean_step_length,max_step_length,min_inter_uav_distance,mean_inter_uav_distance,mean_nearest_gt_distance,final_nearest_gt_distance,boundary_hit_ratio,boundary_episode_ratio,abnormal_jump_ratio,all_metrics_finite
0,deterministic_actor,50,0.5043200797515671,0.0,0.14297719299793243,0.6400175094604492,0.0,0.0,64.23117284713113,64.83577231969774,294.6773413268599,590.9681640174108,186.35852341005742,188.0532414752464,0.0,0.0,0.0,True
0,random_baseline,50,0.07174229227476484,0.08838269691228745,0.05800536893308163,0.35578070461750033,0.0,0.0,67.71447340346141,100.00002992227226,70.1008248910782,640.836359250579,259.59022313210636,312.3508591049124,0.042,0.8,0.26,True
0,stochastic_std_0.25,50,0.25044553578799245,0.20063610989634426,0.09124439097940922,0.5670427429676056,0.0,0.0,63.34446681159054,100.0000246313117,31.00567490272012,595.7956679319327,206.9672934498329,223.135681197338,0.014000000000000002,0.36,0.04,True
0,stochastic_std_0.5,50,0.16176313854770277,0.1485291120427069,0.07762174308300018,0.4808107769489288,0.0,0.0,72.33498557730461,100.00002206389084,56.846703920191636,595.9138574445536,224.78045983084633,261.71162783023846,0.023333333333333334,0.64,0.06,True
0,stochastic_std_1.0,50,0.09331113210348699,0.11058992300696002,0.056118711978197094,0.43627664089202883,0.0,0.0,80.8907566881629,100.00003340200894,68.23281208425361,630.6227975285053,253.67736992403613,318.47005497463505,0.037333333333333336,0.66,0.28,True
1,deterministic_actor,50,0.1043197845031053,0.0,0.07979793101549149,0.39819392561912537,0.0,0.0,35.87829498054919,62.516236822357165,335.2762233323515,628.6113344775108,252.97614055965485,288.026167148764,0.0,0.0,0.0,True
1,random_baseline,50,0.0679693487965826,0.07408130262837097,0.05615661136806011,0.3840013778209686,0.0,0.0,68.2166691064438,100.00003814452532,65.87320165101768,646.6577561188728,253.26247610303236,303.22205455386154,0.03666666666666667,0.68,0.16,True
1,stochastic_std_0.25,50,0.07581457386455022,0.039130686548769604,0.06430060654878617,0.3797778046131134,0.0,0.0,48.62432095092243,100.00000875644143,145.03352419451727,646.3235650488693,258.533872361408,311.0312132977988,0.013333333333333332,0.36,0.0,True
1,stochastic_std_0.5,50,0.06176692696411935,0.04390325720372605,0.0562724032998085,0.3829379850625992,0.0,0.0,58.04665062693529,100.00003595887968,103.14654287514038,629.348628163559,264.54100239369967,324.7614403224977,0.03866666666666667,0.76,0.1,True
1,stochastic_std_1.0,50,0.07065429693008816,0.07968114964048205,0.059776166006922725,0.3784727907180786,0.0,0.0,69.92792961039176,100.00003425903031,59.14950276827542,632.7179961930664,276.4846338266588,355.3809269054626,0.05133333333333333,0.84,0.36,True
2,deterministic_actor,50,0.08183885091643557,0.0,0.10429485142230988,0.2500006854534149,0.0,0.0,23.83531212846819,33.45627667535945,502.10138449552085,634.7607219273449,196.905356114428,173.78162370770747,0.0,0.0,0.0,True
2,random_baseline,50,0.05136551590893118,0.059576047862034444,0.04970240011811256,0.3600116217136383,0.0,0.0,66.47689942935533,100.00002428611911,53.42234253852723,671.696549311129,255.76241706075936,305.6595072643793,0.046,0.82,0.1,True
2,stochastic_std_0.25,50,0.08972607470017797,0.06587022994996994,0.09005866948515177,0.2850974905490875,0.0,0.0,36.682391279416834,76.3400400085583,289.65601259575726,633.8965485625577,214.33261440993385,215.50361292693654,0.008,0.24,0.0,True
2,stochastic_std_0.5,50,0.10578150108337082,0.10443897493227626,0.08070122387260198,0.3510587215423584,0.0,0.0,54.655358366804414,100.00001152359349,37.53049874706481,640.0537877655256,227.59465559567133,247.50120748246457,0.022000000000000002,0.48,0.02,True
2,stochastic_std_1.0,50,0.0665405894260511,0.07686596977199286,0.06078810445964336,0.3495022749900818,0.0,0.0,69.37896626868422,100.00003486798468,43.25896584399566,643.7005692402159,244.5697276291079,290.98482687786424,0.03866666666666667,0.64,0.3,True
