iteration,rollout_cumulative_reward,TotalThroughput,FairIdx,ProbCollision,critic_loss,actor_loss,replay_buffer_size
0,0.15270235444912372,0.08173738420009613,0.6510393619537354,0.0,607.0972900390625,-8.247416496276855,1
1,0.1356848565618168,0.10216207802295685,0.3631552457809448,0.0,351.65960693359375,5.171108245849609,2
2,0.0763853360554714,0.06159176304936409,0.44277384877204895,0.0,23.165769577026367,-1.7784826755523682,3
3,0.6412228322782312,0.12205666303634644,0.8918987512588501,0.0,68.56632995605469,-5.0975775718688965,4
4,0.07458701105783908,0.06042223423719406,0.44623562693595886,0.0,187.47467041015625,0.07205909490585327,5
5,0.1367910508078105,0.10302269458770752,0.3621109426021576,0.0,149.42433166503906,-9.128847122192383,6
6,0.019642048764151678,0.040022075176239014,0.2500019073486328,0.0,120.6505355834961,2.7437806129455566,7
7,0.019682975683303645,0.04006436467170715,0.2500018775463104,0.0,52.32694625854492,18.30586051940918,8
8,0.10658271620597623,0.08139588683843613,0.39507627487182617,0.0,105.38327026367188,-3.5806667804718018,9
9,0.32547380015126853,0.1416245996952057,0.4281955659389496,0.0,86.64171600341797,-0.6387832760810852,10
10,0.04006996405260708,0.06113182008266449,0.2500011622905731,0.0,29.718944549560547,1.427942156791687,11
11,0.0,0.019724423065781593,0.250003844499588,0.0,33.646751403808594,3.1843857765197754,12
12,0.019525866517816737,0.039902012795209885,0.2500019073486328,0.0,96.52046203613281,-3.2888131141662598,13
13,0.0730769763953843,0.05951859802007675,0.4489535093307495,0.0,34.78814697265625,2.1327733993530273,14
14,0.019944016013289042,0.04033411666750908,0.2500018775463104,0.0,86.6785659790039,-0.15827500820159912,15
15,0.08071401241576757,0.1031324565410614,0.2500007152557373,0.0,40.61121368408203,-0.3477427065372467,16
16,0.3295470091548705,0.1445106416940689,0.4237254858016968,0.0,45.45783233642578,-1.3555015325546265,17
17,0.019793018545690037,0.0401780791580677,0.2500018775463104,0.0,9.511959075927734,-2.9435009956359863,18
18,0.09420615191397677,0.0807708352804184,0.500001072883606,0.0,68.79905700683594,2.771150588989258,19
19,0.039833696978971773,0.06088767200708389,0.2500011622905731,0.0,32.522560119628906,-2.922962188720703,20
20,0.0195748293160716,0.039952605962753296,0.2500018775463104,0.0,44.673744201660156,-1.34478759765625,21
21,0.4267525973570593,0.10107780992984772,0.8981192111968994,0.0,86.80891418457031,-9.684598922729492,22
22,0.05439407890195645,0.06020878255367279,0.4480351209640503,0.0,2.797694206237793,-0.9972785711288452,23
23,0.0,0.019724423065781593,0.250003844499588,0.0,21.5307674407959,-1.8299646377563477,24
24,0.07743315308900431,0.099742092192173,0.2500007152557373,0.0,3.059709072113037,-2.100809335708618,25
25,0.020688028135409105,0.04110296070575714,0.25000184774398804,0.0,13.948513984680176,-3.397341012954712,26
26,0.038584703800088244,0.03966127336025238,0.49998825788497925,0.0,1.5343329906463623,-7.395200252532959,27
27,0.07617860424061754,0.061457160860300064,0.44316887855529785,0.0,23.215295791625977,-5.545743942260742,28
28,0.019265516032175804,0.03963296860456467,0.2500019073486328,0.0,22.180870056152344,-1.0829613208770752,29
29,0.05536771690391404,0.06032118573784828,0.45309945940971375,0.0,11.767799377441406,1.0312625169754028,30
30,0.35697612008771,0.08123049885034561,0.9995155930519104,0.0,4.864015102386475,3.082934856414795,31
31,0.0762553361577017,0.06150708720088005,0.4430222511291504,0.0,20.91650390625,-5.10614013671875,32
32,0.0,0.019724423065781593,0.250003844499588,0.0,7.54758358001709,0.4914399981498718,33
33,0.10795650545681362,0.08244670182466507,0.3930869400501251,0.0,2.7421348094940186,1.942301630973816,34
34,0.03832446175151818,0.03952633589506149,0.5000005960464478,0.0,2.425348997116089,-1.9570904970169067,35
35,0.10786363718071548,0.08236445486545563,0.39324086904525757,0.0,14.3887300491333,-1.8280301094055176,36
36,0.0,0.019724423065781593,0.250003844499588,0.0,7.497497081756592,-2.7679519653320312,37
37,0.02012589728154018,0.040522072464227676,0.2500018775463104,0.0,10.567712783813477,-2.032444953918457,38
38,0.02004536775980388,0.040438853204250336,0.2500018775463104,0.0,0.028338251635432243,-1.504163146018982,39
39,0.5958910839489863,0.1421107053756714,0.8115062713623047,0.0,6.157510757446289,-2.1019434928894043,40
40,0.08030907609273923,0.10271400213241577,0.2500007152557373,0.0,1.539005160331726,-2.8480780124664307,41
41,0.0,0.019724423065781593,0.250003844499588,0.0,0.36021512746810913,-0.8475476503372192,42
42,0.01953280418318062,0.039909180253744125,0.2500019073486328,0.0,1.8373268842697144,-0.4553389549255371,43
43,0.0,0.019724423065781593,0.250003844499588,0.0,3.2180840969085693,-0.3030260503292084,44
44,0.07637374713191877,0.06158420816063881,0.442795991897583,0.0,1.5602920055389404,-0.6683837175369263,45
45,0.01991144797728086,0.040300458669662476,0.2500018775463104,0.0,0.7389323115348816,-0.297136515378952,46
46,0.019505000456775504,0.03988044708967209,0.2500019073486328,0.0,0.3720313310623169,-0.625577449798584,47
47,0.040273784216749535,0.06134244054555893,0.2500011622905731,0.0,0.8813758492469788,-1.3987964391708374,48
48,0.019584205661944173,0.039962299168109894,0.2500019073486328,0.0,1.0216034650802612,-0.24559137225151062,49
49,0.019269835057636794,0.039637431502342224,0.2500019073486328,0.0,1.374298095703125,0.5715623497962952,50
