iteration,rollout_cumulative_reward,TotalThroughput,FairIdx,ProbCollision,critic_loss,actor_loss,actor_updated,critic_updates,actor_updates,replay_buffer_size
0,0.0,0.019724423065781593,0.250003844499588,0.0,7.0472517013549805,,False,4,0,1
1,0.07697886290211445,0.06202497333288193,0.44150853157043457,0.0,200.75640869140625,,False,4,0,2
2,0.07566459406732545,0.061123523861169815,0.44415193796157837,0.0,38.73862838745117,,False,4,0,3
3,0.074469326842714,0.06038947403430939,0.4463335871696472,0.0,28.446123123168945,,False,4,0,4
4,0.07619756227064584,0.061469487845897675,0.4431326985359192,0.0,8.650434494018555,,False,4,0,5
5,0.03977914621080958,0.06083129346370697,0.2500011622905731,0.0,4.277977466583252,,False,4,0,6
6,0.04036740001648516,0.06143917888402939,0.2500011622905731,0.0,18.53338623046875,,False,4,0,7
7,0.13620355260087347,0.10256554186344147,0.3626634180545807,0.0,13.0101900100708,,False,4,0,8
8,0.03914418140647846,0.03995295241475105,0.4999229609966278,0.0,5.729339122772217,,False,4,0,9
9,0.0,0.019724423065781593,0.250003844499588,0.0,1.313986897468567,,False,4,0,10
10,0.2322886513210877,0.059735558927059174,0.7499240636825562,0.0,0.7870818972587585,,False,4,0,11
11,0.07639197609568334,0.0615960955619812,0.4427611231803894,0.0,0.4198301434516907,,False,4,0,12
12,0.01943403185464943,0.03980711102485657,0.2500019371509552,0.0,1.4217827320098877,,False,4,0,13
13,0.0,0.019724423065781593,0.250003844499588,0.0,0.524710476398468,,False,4,0,14
14,0.15056502978906644,0.08071170747280121,0.6625943779945374,0.0,2.539069175720215,,False,4,0,15
15,0.04043841476204564,0.06151257082819939,0.2500011622905731,0.0,1.6291859149932861,,False,4,0,16
16,0.07632662314952524,0.061553508043289185,0.44288602471351624,0.0,3.2664127349853516,,False,4,0,17
17,0.147995119660081,0.07948853075504303,0.668084442615509,0.0,0.20968285202980042,,False,4,0,18
18,0.019936245458934014,0.040326084941625595,0.2500018775463104,0.0,0.9363939762115479,,False,4,0,19
19,0.01979134815336431,0.040176354348659515,0.2500019073486328,0.0,0.7988631725311279,,False,4,0,20
20,0.058596546047619893,0.08027676492929459,0.25000086426734924,0.0,1.1320507526397705,-0.49333518743515015,True,4,1,21
21,0.02023874566473884,0.04063868522644043,0.2500018775463104,0.0,0.6215271949768066,,False,4,0,22
22,0.07642730120189765,0.061650149524211884,0.4426027536392212,0.0,0.9533987641334534,0.26364147663116455,True,4,1,23
23,0.07432407653987105,0.060310956090688705,0.4465683102607727,0.0,0.2011951059103012,,False,4,0,24
24,0.07628759964704276,0.06152809411287308,0.44296059012413025,0.0,0.22267857193946838,-0.3595849573612213,True,4,1,25
25,0.04015591773505854,0.04048614948987961,0.499674528837204,0.0,0.35278379917144775,,False,4,0,26
26,0.054810664135002185,0.06046663969755173,0.4486628770828247,0.0,0.239346444606781,0.07950448244810104,True,4,1,27
27,0.0759526144634117,0.061318039894104004,0.44357815384864807,0.0,0.12758204340934753,,False,4,0,28
28,0.040745116327553704,0.061829499900341034,0.2500011622905731,0.0,0.0049423715099692345,0.11426638811826706,True,4,1,29
29,0.07449556399952081,0.060404274612665176,0.4462892711162567,0.0,0.36685311794281006,,False,4,0,30
30,0.1816244408167159,0.10386248677968979,0.3686516284942627,0.0,0.041801612824201584,0.22876231372356415,True,4,1,31
31,0.0,0.019724423065781593,0.250003844499588,0.0,0.23477058112621307,,False,4,0,32
32,0.09798816700679072,0.060316845774650574,0.7498204112052917,0.0,0.08031924068927765,0.20766842365264893,True,4,1,33
33,0.08691225808284278,0.09993372857570648,0.3689423203468323,0.0,0.06480403244495392,,False,4,0,34
34,0.04061596316180547,0.061696041375398636,0.2500011622905731,0.0,0.041665300726890564,-0.12148691713809967,True,4,1,35
35,0.019930279112864508,0.04031991958618164,0.2500018775463104,0.0,0.07831317186355591,,False,4,0,36
36,0.3046545273989465,0.10229206085205078,0.688682496547699,0.0,0.005508121568709612,-0.09863679856061935,True,4,1,37
37,0.01985388865719499,0.04024098068475723,0.2500018775463104,0.0,0.05383935943245888,,False,4,0,38
38,0.0,0.019724423065781593,0.250003844499588,0.0,0.010921605862677097,-0.05911266803741455,True,4,1,39
39,0.1510666319928451,0.08094897866249084,0.6602544188499451,0.0,0.09992219507694244,,False,4,0,40
40,0.020259411001840377,0.04066004231572151,0.2500018775463104,0.0,0.007377974223345518,0.08154850453138351,True,4,1,41
41,0.01990401426999704,0.04029277712106705,0.2500018775463104,0.0,0.010225057601928711,,False,4,0,42
42,0.3058322693471682,0.10223439335823059,0.6887607574462891,0.0,0.01805020123720169,0.1568715125322342,True,4,1,43
43,0.13606888298754122,0.10349759459495544,0.47888484597206116,0.0,0.03831306844949722,,False,4,0,44
44,0.09484215609916803,0.08103092014789581,0.5000002384185791,0.0,0.031236913055181503,0.2644622325897217,True,4,1,45
45,0.13517242910832505,0.1025824248790741,0.4762828052043915,0.0,0.07451535016298294,,False,4,0,46
46,0.019805373450253922,0.04019084572792053,0.2500018775463104,0.0,0.011507787741720676,0.07885816693305969,True,4,1,47
47,0.07398847995573402,0.06006625294685364,0.4473020136356354,0.0,0.027867207303643227,,False,4,0,48
48,0.0,0.019724423065781593,0.250003844499588,0.0,0.007183496840298176,0.3491326868534088,True,4,1,49
49,0.12707221221482654,0.08174171298742294,0.6532086133956909,0.0,0.02943788655102253,,False,4,0,50
50,0.0,0.019724423065781593,0.250003844499588,0.0,0.018365386873483658,0.015824435278773308,True,4,1,51
51,0.10687572932166589,0.08161032944917679,0.3946664035320282,0.0,0.015357363037765026,,False,4,0,52
52,0.0,0.019724423065781593,0.250003844499588,0.0,0.028647148981690407,-0.10682261735200882,True,4,1,53
53,0.07699373954536898,0.062023233622312546,0.4415135681629181,0.0,0.017685944214463234,,False,4,0,54
54,0.01942155236281263,0.03979421406984329,0.2500019073486328,0.0,0.03336095064878464,0.1589614897966385,True,4,1,55
55,0.24998692175365267,0.08055426180362701,0.6660605072975159,0.0,0.016767706722021103,,False,4,0,56
56,0.05448798194457129,0.059652067720890045,0.45277702808380127,0.0,0.08469872921705246,-0.16225004196166992,True,4,1,57
57,0.020132269689832515,0.04052865505218506,0.2500018775463104,0.0,0.005232315510511398,,False,4,0,58
58,0.01991299147516195,0.04030205309391022,0.2500018775463104,0.0,0.014677131548523903,0.25248050689697266,True,4,1,59
59,0.020234290516146333,0.04063408076763153,0.25000184774398804,0.0,0.009253774769604206,,False,4,0,60
60,0.0,0.019724423065781593,0.250003844499588,0.0,0.04401150718331337,-0.16377289593219757,True,4,1,61
61,0.0,0.019724423065781593,0.250003844499588,0.0,0.026615239679813385,,False,4,0,62
62,0.0,0.019724423065781593,0.250003844499588,0.0,0.01732037030160427,0.060986947268247604,True,4,1,63
63,0.3047295612376443,0.10162054747343063,0.6897909045219421,0.0,0.015888981521129608,,False,4,0,64
64,0.019963017879580016,0.04035375267267227,0.2500018775463104,0.0,0.031000858172774315,0.05115146189928055,True,4,1,65
65,0.0,0.019724423065781593,0.250003844499588,0.0,0.04859062284231186,,False,4,0,66
66,0.0,0.019724423065781593,0.250003844499588,0.0,0.02177542634308338,0.16294540464878082,True,4,1,67
67,0.07701528160772433,0.062019456177949905,0.44152456521987915,0.0,0.025187259539961815,,False,4,0,68
68,0.1315855407566103,0.10072244703769684,0.4803750813007355,0.0,0.014598282985389233,0.2663606107234955,True,4,1,69
69,0.07614303226702912,0.06143402308225632,0.4432368874549866,0.0,0.023644253611564636,,False,4,0,70
70,0.24605013235313308,0.08130010217428207,0.6546559929847717,0.0,0.00247642258182168,0.10836172848939896,True,4,1,71
71,0.019769930678281856,0.040154218673706055,0.2500019073486328,0.0,0.06222624331712723,,False,4,0,72
72,0.42714184491238755,0.10160975158214569,0.8821964263916016,0.0,0.025418180972337723,-0.057803958654403687,True,4,1,73
73,0.0,0.019724423065781593,0.250003844499588,0.0,0.004257249645888805,,False,4,0,74
74,0.0,0.019724423065781593,0.250003844499588,0.0,0.017869628965854645,-0.08135078847408295,True,4,1,75
75,0.0994524689113995,0.06070666015148163,0.7496095895767212,0.0,0.018380504101514816,,False,4,0,76
76,0.05862599248029009,0.08030719310045242,0.25000089406967163,0.0,0.03892067074775696,0.11027801781892776,True,4,1,77
77,0.019949359422993983,0.0403396375477314,0.2500019073486328,0.0,0.02341449074447155,,False,4,0,78
78,0.07357241614349716,0.05979960039258003,0.44810447096824646,0.0,0.021760962903499603,0.12077543139457703,True,4,1,79
79,0.019753907370682194,0.04013766348361969,0.2500019073486328,0.0,0.005586530081927776,,False,4,0,80
80,0.15126318918041104,0.08103157579898834,0.659736156463623,0.0,0.02338005229830742,0.0833815187215805,True,4,1,81
81,0.05677278909611122,0.061272427439689636,0.45443734526634216,0.0,0.008665094152092934,,False,4,0,82
82,0.07336144143984907,0.059664782136678696,0.44851142168045044,0.0,0.009567088447511196,0.13833224773406982,True,4,1,83
83,0.02022021676865059,0.040619537234306335,0.2500018775463104,0.0,0.02438788302242756,,False,4,0,84
84,0.0,0.019724423065781593,0.250003844499588,0.0,0.022681204602122307,-0.08958487212657928,True,4,1,85
85,0.07628189631854942,0.06154625117778778,0.4429073631763458,0.0,0.008339792490005493,,False,4,0,86
86,0.019620435179472973,0.039999738335609436,0.2500018775463104,0.0,0.0157474298030138,-0.04287515580654144,True,4,1,87
87,0.0,0.019724423065781593,0.250003844499588,0.0,0.0210132896900177,,False,4,0,88
88,0.0,0.019724423065781593,0.250003844499588,0.0,0.012386362999677658,0.21324799954891205,True,4,1,89
89,0.07668450009096822,0.0617719404399395,0.4422464668750763,0.0,0.00740206241607666,,False,4,0,90
90,0.040281873160802,0.06135080009698868,0.2500011622905731,0.0,0.009095952846109867,0.23078495264053345,True,4,1,91
91,0.0,0.019724423065781593,0.250003844499588,0.0,0.01877591758966446,,False,4,0,92
92,0.07654208530216991,0.06169911473989487,0.44245949387550354,0.0,0.016898715868592262,0.16756998002529144,True,4,1,93
93,0.058399492818134,0.08007313311100006,0.25000089406967163,0.0,0.00621228339150548,,False,4,0,94
94,0.02021292379884173,0.040612004697322845,0.2500018775463104,0.0,0.01063594687730074,0.12923964858055115,True,4,1,95
95,0.0811955353040617,0.10363005101680756,0.2500006854534149,0.0,0.02173951268196106,,False,4,0,96
96,0.01922125524988755,0.03958722949028015,0.2500019371509552,0.0,0.016931472346186638,0.16645203530788422,True,4,1,97
97,0.3555328549748498,0.08114439994096756,0.9993564486503601,0.0,0.010313235223293304,,False,4,0,98
98,0.0,0.019724423065781593,0.250003844499588,0.0,0.016766540706157684,0.0034108348190784454,True,4,1,99
99,0.07530579887153765,0.0608915314078331,0.4448387026786804,0.0,0.018063554540276527,,False,4,0,100
