iteration,rollout_cumulative_reward,TotalThroughput,FairIdx,ProbCollision,critic_loss,actor_loss,actor_updated,critic_updates,actor_updates,target_mode,bootstrap_weight,replay_buffer_size
0,0.0,0.0,1.0,0.0,24.956085205078125,,False,4,0,no_bootstrap,0.0,1
1,0.3118920004992387,0.08603116869926453,0.500001847743988,0.0,123.64859008789062,,False,4,0,no_bootstrap,0.0,2
2,0.4534035269545966,0.08321681618690491,0.4999983608722687,0.0,108.34001159667969,,False,4,0,no_bootstrap,0.0,3
3,-2.5,0.0,1.0,0.25,287.4972229003906,,False,4,0,no_bootstrap,0.0,4
4,0.0,0.0,1.0,0.0,130.04571533203125,,False,4,0,no_bootstrap,0.0,5
5,0.0,0.0,1.0,0.0,179.5742645263672,,False,4,0,no_bootstrap,0.0,6
6,0.0,0.0,1.0,0.0,184.97457885742188,,False,4,0,no_bootstrap,0.0,7
7,0.0,0.0,1.0,0.0,42.695472717285156,,False,4,0,no_bootstrap,0.0,8
8,0.8664836078211575,0.16501271724700928,0.5000012516975403,0.0,5.232565402984619,,False,4,0,no_bootstrap,0.0,9
9,0.0,0.0,1.0,0.0,43.531890869140625,,False,4,0,no_bootstrap,0.0,10
10,0.15029234054906368,0.041415538638830185,0.2500036656856537,0.0,137.09579467773438,,False,4,0,no_bootstrap,0.0,11
11,0.0,0.0,1.0,0.0,18.70718765258789,,False,4,0,no_bootstrap,0.0,12
12,0.0,0.0,1.0,0.0,35.167076110839844,,False,4,0,no_bootstrap,0.0,13
13,0.0,0.0,1.0,0.0,133.35194396972656,,False,4,0,no_bootstrap,0.0,14
14,0.0,0.0,1.0,0.0,49.440155029296875,,False,4,0,no_bootstrap,0.0,15
15,0.0,0.0,1.0,0.0,31.56320571899414,,False,4,0,no_bootstrap,0.0,16
16,0.0,0.0,1.0,0.0,8.088577270507812,,False,4,0,no_bootstrap,0.0,17
17,0.0,0.0,1.0,0.0,8.51968002319336,,False,4,0,no_bootstrap,0.0,18
18,0.4482143562935218,0.08215034008026123,0.4999772906303406,0.0,10.83791446685791,,False,4,0,no_bootstrap,0.0,19
19,0.0,0.04305751249194145,0.25000354647636414,0.0,14.54252815246582,,False,4,0,no_bootstrap,0.0,20
20,3.300768557548529,0.2054491639137268,0.6912431716918945,0.0,6.5920610427856445,1.6262065172195435,True,4,1,no_bootstrap,0.0,21
21,0.0,0.0,1.0,0.0,10.845010757446289,,False,4,0,no_bootstrap,0.0,22
22,0.43646418450932545,0.0806073248386383,0.4998851716518402,0.0,3.252063274383545,1.5553581714630127,True,4,1,no_bootstrap,0.0,23
23,0.0,0.0,1.0,0.0,1.630314826965332,,False,4,0,no_bootstrap,0.0,24
24,0.0,0.0,1.0,0.0,1.4858729839324951,-0.08274011313915253,True,4,1,no_bootstrap,0.0,25
25,0.0,0.0,1.0,0.0,2.1890575885772705,,False,4,0,no_bootstrap,0.0,26
26,0.0,0.0,1.0,0.0,0.9722708463668823,-0.7089821100234985,True,4,1,no_bootstrap,0.0,27
27,0.0,0.0,1.0,0.0,0.7164417505264282,,False,4,0,no_bootstrap,0.0,28
28,0.4404292575279681,0.08145381510257721,0.49981746077537537,0.0,0.5699945688247681,0.005653202533721924,True,4,1,no_bootstrap,0.0,29
29,0.0,0.0,1.0,0.0,1.8515760898590088,,False,4,0,no_bootstrap,0.0,30
30,0.0,0.0,1.0,0.0,0.32663625478744507,-0.13922782242298126,True,4,1,no_bootstrap,0.0,31
31,0.7280155684836733,0.12367047369480133,0.7491052746772766,0.0,1.9280856847763062,,False,4,0,no_bootstrap,0.0,32
32,0.0,0.0,1.0,0.0,0.8681513667106628,-0.7490088939666748,True,4,1,no_bootstrap,0.0,33
33,0.0,0.0,1.0,0.0,0.11026853322982788,,False,4,0,no_bootstrap,0.0,34
34,0.0,0.0,1.0,0.0,0.20177607238292694,-0.6687588691711426,True,4,1,no_bootstrap,0.0,35
35,0.4687528035647683,0.0861150249838829,0.500002384185791,0.0,0.7155075669288635,,False,4,0,no_bootstrap,0.0,36
36,0.0,0.04305751249194145,0.25000348687171936,0.0,0.586923360824585,-0.3042566180229187,True,4,1,no_bootstrap,0.0,37
37,0.0,0.0,1.0,0.0,0.18184059858322144,,False,4,0,no_bootstrap,0.0,38
38,0.0,0.0,1.0,0.0,0.18961022794246674,-1.027592658996582,True,4,1,no_bootstrap,0.0,39
39,0.2923024514275896,0.08337552845478058,0.4994632303714752,0.0,0.609866201877594,,False,4,0,no_bootstrap,0.0,40
40,0.0,0.0,1.0,0.0,0.34767112135887146,-0.14647237956523895,True,4,1,no_bootstrap,0.0,41
41,0.0,0.0,1.0,0.0,0.5153821110725403,,False,4,0,no_bootstrap,0.0,42
42,0.2887675782623161,0.08290459215641022,0.4992537498474121,0.0,1.0257248878479004,-1.4432634115219116,True,4,1,no_bootstrap,0.0,43
43,0.0,0.04305751249194145,0.25000348687171936,0.0,0.17347753047943115,,False,4,0,no_bootstrap,0.0,44
44,0.0,0.0,1.0,0.0,0.13978081941604614,-0.2275530993938446,True,4,1,no_bootstrap,0.0,45
45,0.0,0.0,1.0,0.0,0.16956131160259247,,False,4,0,no_bootstrap,0.0,46
46,0.0,0.0,1.0,0.0,0.1295562982559204,-0.501625657081604,True,4,1,no_bootstrap,0.0,47
47,0.0,0.0,1.0,0.0,0.10700152814388275,,False,4,0,no_bootstrap,0.0,48
48,0.0,0.0,1.0,0.0,0.16401046514511108,-0.5042151808738708,True,4,1,no_bootstrap,0.0,49
49,0.0,0.0,1.0,0.0,0.08912553638219833,,False,4,0,no_bootstrap,0.0,50
50,0.0,0.0,1.0,0.0,0.08051252365112305,-0.1146872341632843,True,4,1,no_bootstrap,0.0,51
51,0.0,0.0,1.0,0.0,0.2988432049751282,,False,4,0,no_bootstrap,0.0,52
52,0.30084830776761157,0.12596146762371063,0.2500011920928955,0.0,0.18507783114910126,0.6462205052375793,True,4,1,no_bootstrap,0.0,53
53,0.0,0.0,1.0,0.0,0.0975271463394165,,False,4,0,no_bootstrap,0.0,54
54,0.15035965920552774,0.08449171483516693,0.25000181794166565,0.0,0.38196223974227905,-0.2944929599761963,True,4,1,no_bootstrap,0.0,55
55,0.0,0.0,1.0,0.0,0.10828303545713425,,False,4,0,no_bootstrap,0.0,56
56,0.14375693518901073,0.039614222943782806,0.25000378489494324,0.0,0.5080251097679138,-0.623798131942749,True,4,1,no_bootstrap,0.0,57
57,0.0,0.0,1.0,0.0,0.6067885160446167,,False,4,0,no_bootstrap,0.0,58
58,0.0,0.0,1.0,0.0,0.15404552221298218,-0.9032150506973267,True,4,1,no_bootstrap,0.0,59
59,0.0,0.0,1.0,0.0,0.11274401098489761,,False,4,0,no_bootstrap,0.0,60
60,0.0,0.0,1.0,0.0,0.074351966381073,-0.46266642212867737,True,4,1,no_bootstrap,0.0,61
61,0.0,0.0,1.0,0.0,0.28276365995407104,,False,4,0,no_bootstrap,0.0,62
62,0.0,0.0,1.0,0.0,0.39849063754081726,-0.5413119792938232,True,4,1,no_bootstrap,0.0,63
63,-2.3566769469104245,0.039494890719652176,0.25000378489494324,0.25,0.22428032755851746,,False,4,0,no_bootstrap,0.0,64
64,0.0,0.0,1.0,0.0,0.27321934700012207,-0.0787869244813919,True,4,1,no_bootstrap,0.0,65
65,0.0,0.0,1.0,0.0,0.8315285444259644,,False,4,0,no_bootstrap,0.0,66
66,0.0,0.0,1.0,0.0,0.2909376621246338,0.2859434485435486,True,4,1,no_bootstrap,0.0,67
67,0.0,0.0,1.0,0.0,0.25052809715270996,,False,4,0,no_bootstrap,0.0,68
68,0.0,0.0,1.0,0.0,0.48972904682159424,-0.5899977087974548,True,4,1,no_bootstrap,0.0,69
69,0.0,0.0,1.0,0.0,0.581634521484375,,False,4,0,no_bootstrap,0.0,70
70,0.0,0.0,1.0,0.0,0.2105148732662201,-1.1053600311279297,True,4,1,no_bootstrap,0.0,71
71,0.0,0.0,1.0,0.0,0.2987990379333496,,False,4,0,no_bootstrap,0.0,72
72,0.0,0.0,1.0,0.0,0.9109492897987366,-0.6767627596855164,True,4,1,no_bootstrap,0.0,73
73,0.0,0.04305751249194145,0.25000348687171936,0.0,0.23413245379924774,,False,4,0,no_bootstrap,0.0,74
74,0.0,0.0,1.0,0.0,0.050320692360401154,0.4749985933303833,True,4,1,no_bootstrap,0.0,75
75,0.0,0.0,1.0,0.0,0.5656840205192566,,False,4,0,no_bootstrap,0.0,76
76,0.0,0.04305751249194145,0.25000354647636414,0.0,0.6355316638946533,0.29879477620124817,True,4,1,no_bootstrap,0.0,77
77,0.0,0.0,1.0,0.0,0.2212553173303604,,False,4,0,no_bootstrap,0.0,78
78,0.4432993606910377,0.08168476074934006,0.4999631643295288,0.0,0.45664042234420776,0.12058071792125702,True,4,1,no_bootstrap,0.0,79
79,0.0,0.0,1.0,0.0,0.2718163728713989,,False,4,0,no_bootstrap,0.0,80
80,0.0,0.0,1.0,0.0,0.1237679198384285,-0.23198074102401733,True,4,1,no_bootstrap,0.0,81
81,0.0,0.0,1.0,0.0,2.49983549118042,,False,4,0,no_bootstrap,0.0,82
82,0.0,0.0,1.0,0.0,0.18322719633579254,-0.237772136926651,True,4,1,no_bootstrap,0.0,83
83,0.0,0.0,1.0,0.0,0.27562618255615234,,False,4,0,no_bootstrap,0.0,84
84,0.0,0.0,1.0,0.0,0.4333752691745758,0.029414750635623932,True,4,1,no_bootstrap,0.0,85
85,0.0,0.0,1.0,0.0,0.4373416602611542,,False,4,0,no_bootstrap,0.0,86
86,0.0,0.0,1.0,0.0,0.47002074122428894,-0.4221910238265991,True,4,1,no_bootstrap,0.0,87
87,-2.5,0.0,1.0,0.25,0.2981242835521698,,False,4,0,no_bootstrap,0.0,88
88,0.4613097245494219,0.08425481617450714,0.49983644485473633,0.0,0.35201314091682434,-0.4458586871623993,True,4,1,no_bootstrap,0.0,89
89,0.4456948694024903,0.0818830132484436,0.5000025033950806,0.0,0.6631234884262085,,False,4,0,no_bootstrap,0.0,90
90,0.0,0.0,1.0,0.0,0.6552727222442627,0.320340633392334,True,4,1,no_bootstrap,0.0,91
91,0.0,0.0,1.0,0.0,0.2889668941497803,,False,4,0,no_bootstrap,0.0,92
92,0.0,0.0,1.0,0.0,0.7926743626594543,-0.2315698117017746,True,4,1,no_bootstrap,0.0,93
93,0.15224625659319077,0.04195360094308853,0.2500036060810089,0.0,0.041253622621297836,,False,4,0,no_bootstrap,0.0,94
94,0.0,0.0,1.0,0.0,0.11434302479028702,-0.0310971736907959,True,4,1,no_bootstrap,0.0,95
95,0.0,0.0,1.0,0.0,0.2052607387304306,,False,4,0,no_bootstrap,0.0,96
96,0.0,0.0,1.0,0.0,0.2138986736536026,0.02771334908902645,True,4,1,no_bootstrap,0.0,97
97,0.7111055732626884,0.12274718284606934,0.45607995986938477,0.0,0.5900228023529053,,False,4,0,no_bootstrap,0.0,98
98,0.0,0.0,1.0,0.0,0.299716055393219,-0.3800002932548523,True,4,1,no_bootstrap,0.0,99
99,0.0,0.0,1.0,0.0,0.8645815253257751,,False,4,0,no_bootstrap,0.0,100
100,0.0,0.0,1.0,0.0,0.8645570278167725,-0.23626106977462769,True,4,1,no_bootstrap,0.0,101
101,0.1550657634804274,0.04273080825805664,0.25000351667404175,0.0,0.19260087609291077,,False,4,0,no_bootstrap,0.0,102
102,0.0,0.0,1.0,0.0,0.12831342220306396,-0.11535584926605225,True,4,1,no_bootstrap,0.0,103
103,0.0,0.0,1.0,0.0,0.1742640882730484,,False,4,0,no_bootstrap,0.0,104
104,0.0,0.0,1.0,0.0,0.16957613825798035,0.04279862344264984,True,4,1,no_bootstrap,0.0,105
105,0.0,0.0,1.0,0.0,0.1802697777748108,,False,4,0,no_bootstrap,0.0,106
106,0.0,0.0,1.0,0.0,0.3845629096031189,-0.32789260149002075,True,4,1,no_bootstrap,0.0,107
107,0.0,0.0,1.0,0.0,0.1579265594482422,,False,4,0,no_bootstrap,0.0,108
108,0.0,0.0,1.0,0.0,0.04911157861351967,-0.049791086465120316,True,4,1,no_bootstrap,0.0,109
109,0.0,0.0,1.0,0.0,0.3549154996871948,,False,4,0,no_bootstrap,0.0,110
110,0.7282591227591882,0.12333403527736664,0.7491436004638672,0.0,0.10883480310440063,0.5437706708908081,True,4,1,no_bootstrap,0.0,111
111,0.0,0.0,1.0,0.0,0.16713017225265503,,False,4,0,no_bootstrap,0.0,112
112,0.0,0.0,1.0,0.0,0.13674071431159973,0.20949554443359375,True,4,1,no_bootstrap,0.0,113
113,0.2957659083994233,0.08150285482406616,0.25000184774398804,0.0,0.5252013206481934,,False,4,0,no_bootstrap,0.0,114
114,0.0,0.0,1.0,0.0,0.16055576503276825,0.20467537641525269,True,4,1,no_bootstrap,0.0,115
115,0.14649295476036522,0.04036817327141762,0.25000378489494324,0.0,0.12362229079008102,,False,4,0,no_bootstrap,0.0,116
116,0.0,0.0,1.0,0.0,0.4054395854473114,0.22899368405342102,True,4,1,no_bootstrap,0.0,117
117,0.0,0.0,1.0,0.0,0.39118292927742004,,False,4,0,no_bootstrap,0.0,118
118,0.0,0.0,1.0,0.0,0.07529104501008987,0.01008521020412445,True,4,1,no_bootstrap,0.0,119
119,0.0,0.0,1.0,0.0,0.3995113968849182,,False,4,0,no_bootstrap,0.0,120
120,0.0,0.0,1.0,0.0,0.06837765127420425,0.04791254177689552,True,4,1,no_bootstrap,0.0,121
121,0.8678906411093171,0.16521669924259186,0.500001072883606,0.0,0.25955381989479065,,False,4,0,no_bootstrap,0.0,122
122,0.0,0.0,1.0,0.0,0.3633144497871399,-0.33475372195243835,True,4,1,no_bootstrap,0.0,123
123,0.0,0.0,1.0,0.0,0.07192087173461914,,False,4,0,no_bootstrap,0.0,124
124,0.0,0.0,1.0,0.0,0.5366242527961731,-0.055155932903289795,True,4,1,no_bootstrap,0.0,125
125,0.0,0.0,1.0,0.0,0.5492016077041626,,False,4,0,no_bootstrap,0.0,126
126,0.29719118680154955,0.08189591765403748,0.2500018775463104,0.0,0.31179332733154297,0.05658019706606865,True,4,1,no_bootstrap,0.0,127
127,0.0,0.0,1.0,0.0,0.13608890771865845,,False,4,0,no_bootstrap,0.0,128
128,0.0,0.0,1.0,0.0,0.4885408282279968,-0.3531198799610138,True,4,1,no_bootstrap,0.0,129
129,0.0,0.0,1.0,0.0,0.1726568639278412,,False,4,0,no_bootstrap,0.0,130
130,0.7221206801366973,0.12280015647411346,0.7489900588989258,0.0,0.1999553143978119,-0.4049215018749237,True,4,1,no_bootstrap,0.0,131
131,0.0,0.0,1.0,0.0,0.07653164118528366,,False,4,0,no_bootstrap,0.0,132
132,0.0,0.0,1.0,0.0,0.121358722448349,-0.06391909718513489,True,4,1,no_bootstrap,0.0,133
133,0.0,0.0,1.0,0.0,0.33359789848327637,,False,4,0,no_bootstrap,0.0,134
134,0.14563000793604752,0.0401303805410862,0.25000378489494324,0.0,0.6701502203941345,-0.2174759805202484,True,4,1,no_bootstrap,0.0,135
135,0.0,0.0,1.0,0.0,0.4386177659034729,,False,4,0,no_bootstrap,0.0,136
136,0.0,0.0,1.0,0.0,0.2979094386100769,0.4883400797843933,True,4,1,no_bootstrap,0.0,137
137,0.14673930532800547,0.08349406719207764,0.25000181794166565,0.0,1.3091222047805786,,False,4,0,no_bootstrap,0.0,138
138,0.0,0.0,1.0,0.0,0.03912850096821785,-0.13969409465789795,True,4,1,no_bootstrap,0.0,139
139,0.0,0.0,1.0,0.0,1.0187381505966187,,False,4,0,no_bootstrap,0.0,140
140,0.0,0.0,1.0,0.0,0.3161148428916931,0.003901420161128044,True,4,1,no_bootstrap,0.0,141
141,0.0,0.0,1.0,0.0,0.2788209617137909,,False,4,0,no_bootstrap,0.0,142
142,0.9011551938025797,0.12258365750312805,0.7489249110221863,0.0,0.41804349422454834,0.09281404316425323,True,4,1,no_bootstrap,0.0,143
143,0.0,0.0,1.0,0.0,0.12066363543272018,,False,4,0,no_bootstrap,0.0,144
144,0.0,0.0,1.0,0.0,0.028738513588905334,-0.12774303555488586,True,4,1,no_bootstrap,0.0,145
145,0.0,0.0,1.0,0.0,0.24498695135116577,,False,4,0,no_bootstrap,0.0,146
146,0.0,0.0,1.0,0.0,0.36258748173713684,0.14126867055892944,True,4,1,no_bootstrap,0.0,147
147,0.0,0.0,1.0,0.0,0.31557416915893555,,False,4,0,no_bootstrap,0.0,148
148,-2.5,0.0,1.0,0.25,0.04796747863292694,-0.5513604879379272,True,4,1,no_bootstrap,0.0,149
149,0.45061835078256274,0.08300504088401794,0.49997133016586304,0.0,0.019060326740145683,,False,4,0,no_bootstrap,0.0,150
150,0.14845584108814205,0.04090908542275429,0.2500036954879761,0.0,0.13839469850063324,0.1434207558631897,True,4,1,no_bootstrap,0.0,151
151,0.0,0.0,1.0,0.0,0.5138970017433167,,False,4,0,no_bootstrap,0.0,152
152,0.0,0.0,1.0,0.0,0.4200921952724457,-0.016479864716529846,True,4,1,no_bootstrap,0.0,153
153,0.0,0.0,1.0,0.0,0.21981240808963776,,False,4,0,no_bootstrap,0.0,154
154,0.0,0.0,1.0,0.0,0.12585273385047913,0.049033623188734055,True,4,1,no_bootstrap,0.0,155
155,1.1600521981742724,0.16700616478919983,0.6777945756912231,0.0,0.040543876588344574,,False,4,0,no_bootstrap,0.0,156
156,0.0,0.0,1.0,0.0,0.902360200881958,-0.029170408844947815,True,4,1,no_bootstrap,0.0,157
157,0.4500650587035555,0.08216525614261627,0.4998093247413635,0.0,0.06634633243083954,,False,4,0,no_bootstrap,0.0,158
158,0.0,0.04305751249194145,0.25000348687171936,0.0,0.343483567237854,-0.0191071555018425,True,4,1,no_bootstrap,0.0,159
159,0.0,0.0,1.0,0.0,0.0796542540192604,,False,4,0,no_bootstrap,0.0,160
160,0.28744925111247055,0.08272963762283325,0.4991666078567505,0.0,0.11412373185157776,0.030801981687545776,True,4,1,no_bootstrap,0.0,161
161,0.0,0.0,1.0,0.0,0.020004162564873695,,False,4,0,no_bootstrap,0.0,162
162,0.4492504378980977,0.08280401676893234,0.4999557137489319,0.0,0.0495908185839653,0.09071758389472961,True,4,1,no_bootstrap,0.0,163
163,0.0,0.0,1.0,0.0,0.0397963747382164,,False,4,0,no_bootstrap,0.0,164
164,0.0,0.0,1.0,0.0,0.2374439537525177,-0.22123417258262634,True,4,1,no_bootstrap,0.0,165
165,0.0,0.0,1.0,0.0,0.2345304787158966,,False,4,0,no_bootstrap,0.0,166
166,0.0,0.0,1.0,0.0,0.03387414664030075,-0.38407793641090393,True,4,1,no_bootstrap,0.0,167
167,0.14699130385201778,0.04050550237298012,0.25000375509262085,0.0,0.1034090593457222,,False,4,0,no_bootstrap,0.0,168
168,0.0,0.0,1.0,0.0,0.21005065739154816,-0.026626132428646088,True,4,1,no_bootstrap,0.0,169
169,0.0,0.0,1.0,0.0,0.16144923865795135,,False,4,0,no_bootstrap,0.0,170
170,0.41503222500280657,0.12560048699378967,0.44518744945526123,0.0,1.041550636291504,0.12819531559944153,True,4,1,no_bootstrap,0.0,171
171,0.0,0.0,1.0,0.0,0.3405110239982605,,False,4,0,no_bootstrap,0.0,172
172,0.44984620039413803,0.08229389786720276,0.4999176859855652,0.0,0.1022735983133316,0.08691654354333878,True,4,1,no_bootstrap,0.0,173
173,0.0,0.0,1.0,0.0,0.1085859164595604,,False,4,0,no_bootstrap,0.0,174
174,0.0,0.0,1.0,0.0,0.5014588832855225,-0.38199305534362793,True,4,1,no_bootstrap,0.0,175
175,0.0,0.0,1.0,0.0,0.14808499813079834,,False,4,0,no_bootstrap,0.0,176
176,0.0,0.0,1.0,0.0,0.1202407032251358,-0.5671624541282654,True,4,1,no_bootstrap,0.0,177
177,0.0,0.0,1.0,0.0,0.05686130374670029,,False,4,0,no_bootstrap,0.0,178
178,0.4553055039489492,0.08383886516094208,0.4999788999557495,0.0,0.2716849744319916,0.2223241776227951,True,4,1,no_bootstrap,0.0,179
179,0.0,0.0,1.0,0.0,0.1623891294002533,,False,4,0,no_bootstrap,0.0,180
180,0.0,0.0,1.0,0.0,0.5035433769226074,-0.28258514404296875,True,4,1,no_bootstrap,0.0,181
181,0.0,0.0,1.0,0.0,0.16428562998771667,,False,4,0,no_bootstrap,0.0,182
182,0.0,0.0,1.0,0.0,0.060622721910476685,-0.4475693106651306,True,4,1,no_bootstrap,0.0,183
183,0.0,0.04305751249194145,0.25000354647636414,0.0,0.05197306349873543,,False,4,0,no_bootstrap,0.0,184
184,0.0,0.0,1.0,0.0,0.17364059388637543,-0.037645213305950165,True,4,1,no_bootstrap,0.0,185
185,0.0,0.0,1.0,0.0,0.10389549285173416,,False,4,0,no_bootstrap,0.0,186
186,0.0,0.0,1.0,0.0,0.14021092653274536,-0.3265143036842346,True,4,1,no_bootstrap,0.0,187
187,0.14484575873911995,0.039914269000291824,0.25000375509262085,0.0,0.07885953038930893,,False,4,0,no_bootstrap,0.0,188
188,0.0,0.0,1.0,0.0,0.5745469331741333,-0.18974760174751282,True,4,1,no_bootstrap,0.0,189
189,0.2899664815895592,0.07990472763776779,0.2500018775463104,0.0,0.09831467270851135,,False,4,0,no_bootstrap,0.0,190
190,0.0,0.0,1.0,0.0,0.3170221149921417,-0.04826221615076065,True,4,1,no_bootstrap,0.0,191
191,0.0,0.0,1.0,0.0,0.3905037045478821,,False,4,0,no_bootstrap,0.0,192
192,0.0,0.0,1.0,0.0,0.2749432921409607,0.04998036101460457,True,4,1,no_bootstrap,0.0,193
193,0.0,0.0,1.0,0.0,0.13842396438121796,,False,4,0,no_bootstrap,0.0,194
194,0.0,0.0,1.0,0.0,0.21885299682617188,-0.10517486184835434,True,4,1,no_bootstrap,0.0,195
195,0.15473898490660654,0.04264064133167267,0.2500035762786865,0.0,0.01002551056444645,,False,4,0,no_bootstrap,0.0,196
196,0.0,0.0,1.0,0.0,0.19125968217849731,0.13961774110794067,True,4,1,no_bootstrap,0.0,197
197,0.0,0.0,1.0,0.0,0.03441043570637703,,False,4,0,no_bootstrap,0.0,198
198,2.545041014264725,0.16494163870811462,0.9991598725318909,0.0,0.3994869887828827,-0.4056839346885681,True,4,1,no_bootstrap,0.0,199
199,0.0,0.0,1.0,0.0,0.04250252991914749,,False,4,0,no_bootstrap,0.0,200
200,0.0,0.04305751249194145,0.25000354647636414,0.0,0.16823165118694305,-0.053741008043289185,True,4,1,no_bootstrap,0.0,201
201,0.0,0.0,1.0,0.0,0.1749052107334137,,False,4,0,no_bootstrap,0.0,202
202,0.0,0.0,1.0,0.0,0.03161223605275154,-0.04158828407526016,True,4,1,no_bootstrap,0.0,203
203,0.14764250768450443,0.04068496450781822,0.2500036954879761,0.0,0.2581593990325928,,False,4,0,no_bootstrap,0.0,204
204,0.0,0.0,1.0,0.0,0.04578616842627525,-0.15923170745372772,True,4,1,no_bootstrap,0.0,205
205,0.0,0.0,1.0,0.0,0.12572039663791656,,False,4,0,no_bootstrap,0.0,206
206,0.7090010450486397,0.1221054345369339,0.44474390149116516,0.0,0.10612316429615021,-0.033476486802101135,True,4,1,no_bootstrap,0.0,207
207,0.0,0.0,1.0,0.0,0.43817028403282166,,False,4,0,no_bootstrap,0.0,208
208,0.0,0.0,1.0,0.0,0.020138736814260483,-0.20234009623527527,True,4,1,no_bootstrap,0.0,209
209,0.0,0.0,1.0,0.0,0.15823030471801758,,False,4,0,no_bootstrap,0.0,210
210,0.0,0.0,1.0,0.0,0.7022473216056824,-0.17115527391433716,True,4,1,no_bootstrap,0.0,211
211,0.0,0.0,1.0,0.0,0.04533499851822853,,False,4,0,no_bootstrap,0.0,212
212,0.0,0.0,1.0,0.0,0.18423309922218323,-0.24304351210594177,True,4,1,no_bootstrap,0.0,213
213,0.0,0.0,1.0,0.0,0.5845193862915039,,False,4,0,no_bootstrap,0.0,214
214,0.0,0.0,1.0,0.0,0.12831200659275055,-0.4066801071166992,True,4,1,no_bootstrap,0.0,215
215,0.0,0.0,1.0,0.0,0.19470804929733276,,False,4,0,no_bootstrap,0.0,216
216,0.0,0.0,1.0,0.0,0.2805332839488983,0.2127574235200882,True,4,1,no_bootstrap,0.0,217
217,0.0,0.0,1.0,0.0,0.04294529929757118,,False,4,0,no_bootstrap,0.0,218
218,0.0,0.0,1.0,0.0,0.3382025957107544,-0.23347514867782593,True,4,1,no_bootstrap,0.0,219
219,0.2680026174858831,0.12684932351112366,0.45326119661331177,0.0,0.001754859578795731,,False,4,0,no_bootstrap,0.0,220
220,0.0,0.04305751249194145,0.25000348687171936,0.0,0.13049261271953583,-0.0035282261669635773,True,4,1,no_bootstrap,0.0,221
221,0.0,0.0,1.0,0.0,0.07606673985719681,,False,4,0,no_bootstrap,0.0,222
222,0.4486233209383743,0.08300167322158813,0.49979615211486816,0.0,0.048310697078704834,0.07400074601173401,True,4,1,no_bootstrap,0.0,223
223,0.7069860120256335,0.12170104682445526,0.4455273151397705,0.0,0.5725424885749817,,False,4,0,no_bootstrap,0.0,224
224,0.0,0.0,1.0,0.0,0.14662766456604004,-0.15489137172698975,True,4,1,no_bootstrap,0.0,225
225,0.0,0.04305751249194145,0.25000348687171936,0.0,0.04063359647989273,,False,4,0,no_bootstrap,0.0,226
226,0.0,0.04305751249194145,0.25000348687171936,0.0,0.06665655970573425,-0.47127094864845276,True,4,1,no_bootstrap,0.0,227
227,0.0,0.0,1.0,0.0,0.010398922488093376,,False,4,0,no_bootstrap,0.0,228
228,0.0,0.0,1.0,0.0,0.0037886183708906174,0.22611531615257263,True,4,1,no_bootstrap,0.0,229
229,0.0,0.0,1.0,0.0,0.04626385495066643,,False,4,0,no_bootstrap,0.0,230
230,0.0,0.0,1.0,0.0,0.042585812509059906,-0.0035817455500364304,True,4,1,no_bootstrap,0.0,231
231,0.0,0.0,1.0,0.0,0.03783121705055237,,False,4,0,no_bootstrap,0.0,232
232,0.1457646729350363,0.08322549611330032,0.25000181794166565,0.0,0.03844314441084862,-0.1859627366065979,True,4,1,no_bootstrap,0.0,233
233,0.0,0.0,1.0,0.0,0.047848157584667206,,False,4,0,no_bootstrap,0.0,234
234,0.0,0.0,1.0,0.0,0.025502974167466164,-0.06456378102302551,True,4,1,no_bootstrap,0.0,235
235,0.0,0.0,1.0,0.0,0.14661449193954468,,False,4,0,no_bootstrap,0.0,236
236,-2.5,0.0,1.0,0.25,0.044385556131601334,0.07895251363515854,True,4,1,no_bootstrap,0.0,237
237,0.0,0.0,1.0,0.0,0.00840026792138815,,False,4,0,no_bootstrap,0.0,238
238,0.15224330802773184,0.04195278882980347,0.2500036060810089,0.0,0.2313130497932434,-0.3652121424674988,True,4,1,no_bootstrap,0.0,239
239,0.0,0.0,1.0,0.0,0.14472989737987518,,False,4,0,no_bootstrap,0.0,240
240,1.67747593354256,0.12594813108444214,0.7499570250511169,0.0,0.1354188174009323,-0.6322049498558044,True,4,1,no_bootstrap,0.0,241
241,0.0,0.04305751249194145,0.25000348687171936,0.0,0.3176712691783905,,False,4,0,no_bootstrap,0.0,242
242,0.0,0.0,1.0,0.0,0.02551873028278351,0.12203453481197357,True,4,1,no_bootstrap,0.0,243
243,0.0,0.04305751249194145,0.25000354647636414,0.0,0.006578121334314346,,False,4,0,no_bootstrap,0.0,244
244,0.2861420260729446,0.08255648612976074,0.4990752041339874,0.0,0.10036998987197876,-0.27249202132225037,True,4,1,no_bootstrap,0.0,245
245,0.0,0.0,1.0,0.0,0.10721461474895477,,False,4,0,no_bootstrap,0.0,246
246,-2.5,0.0,1.0,0.25,0.08856871724128723,-0.14453595876693726,True,4,1,no_bootstrap,0.0,247
247,1.7859335290110303,0.12514285743236542,0.7494436502456665,0.0,0.02612413465976715,,False,4,0,no_bootstrap,0.0,248
248,0.0,0.0,1.0,0.0,0.5771803259849548,-0.6973583102226257,True,4,1,no_bootstrap,0.0,249
249,0.0,0.04305751249194145,0.25000348687171936,0.0,0.20454321801662445,,False,4,0,no_bootstrap,0.0,250
250,0.0,0.04305751249194145,0.25000348687171936,0.0,0.09879633039236069,-0.22267666459083557,True,4,1,no_bootstrap,0.0,251
251,0.4684653391970667,0.08606817573308945,0.5000023245811462,0.0,0.16202838718891144,,False,4,0,no_bootstrap,0.0,252
252,0.0,0.0,1.0,0.0,0.09674027562141418,-0.5424665212631226,True,4,1,no_bootstrap,0.0,253
253,0.3011822847172007,0.08456942439079285,0.49983546137809753,0.0,0.1307222843170166,,False,4,0,no_bootstrap,0.0,254
254,0.43507547939331437,0.07968580722808838,0.4999593496322632,0.0,0.3130464553833008,0.6819347143173218,True,4,1,no_bootstrap,0.0,255
255,0.0,0.0,1.0,0.0,0.24789941310882568,,False,4,0,no_bootstrap,0.0,256
256,0.0,0.0,1.0,0.0,0.12132987380027771,-0.42554721236228943,True,4,1,no_bootstrap,0.0,257
257,0.3045987169150248,0.08503307402133942,0.49992144107818604,0.0,1.0700504779815674,,False,4,0,no_bootstrap,0.0,258
258,0.0,0.0,1.0,0.0,0.13340577483177185,-0.5771448612213135,True,4,1,no_bootstrap,0.0,259
259,0.0,0.0,1.0,0.0,0.30808645486831665,,False,4,0,no_bootstrap,0.0,260
260,0.0,0.0,1.0,0.0,0.1691933274269104,-0.08872246742248535,True,4,1,no_bootstrap,0.0,261
261,0.0,0.0,1.0,0.0,0.6755392551422119,,False,4,0,no_bootstrap,0.0,262
262,0.0,0.0,1.0,0.0,0.06038425862789154,-0.0598694384098053,True,4,1,no_bootstrap,0.0,263
263,0.14619245025809874,0.04028548300266266,0.25000375509262085,0.0,0.8805846571922302,,False,4,0,no_bootstrap,0.0,264
264,0.0,0.0,1.0,0.0,0.1193746030330658,-0.3579482138156891,True,4,1,no_bootstrap,0.0,265
265,0.0,0.0,1.0,0.0,0.01834750734269619,,False,4,0,no_bootstrap,0.0,266
266,1.3512813141128928,0.16667091846466064,0.9986913204193115,0.0,0.0562359057366848,-0.4606323838233948,True,4,1,no_bootstrap,0.0,267
267,0.15085533659232783,0.04157043248414993,0.2500036358833313,0.0,0.11577531695365906,,False,4,0,no_bootstrap,0.0,268
268,0.0,0.0,1.0,0.0,0.9123681783676147,-0.020584844052791595,True,4,1,no_bootstrap,0.0,269
269,0.0,0.0,1.0,0.0,0.15920571982860565,,False,4,0,no_bootstrap,0.0,270
270,1.4826767831416439,0.2524071931838989,0.6488859057426453,0.0,0.03511163592338562,-0.27007484436035156,True,4,1,no_bootstrap,0.0,271
271,0.15624888575310153,0.04305659607052803,0.25000354647636414,0.0,0.1946510672569275,,False,4,0,no_bootstrap,0.0,272
272,0.0,0.0,1.0,0.0,0.2573671340942383,-0.11920896917581558,True,4,1,no_bootstrap,0.0,273
273,0.14924561365416877,0.04112672805786133,0.2500036656856537,0.0,0.09700796753168106,,False,4,0,no_bootstrap,0.0,274
274,0.4506654586147542,0.08309292793273926,0.49994587898254395,0.0,0.3175288438796997,0.23072363436222076,True,4,1,no_bootstrap,0.0,275
275,0.4434933430749635,0.08124363422393799,0.49996477365493774,0.0,0.02790568768978119,,False,4,0,no_bootstrap,0.0,276
276,0.0,0.0,1.0,0.0,0.3780367076396942,-0.07887044548988342,True,4,1,no_bootstrap,0.0,277
277,0.0,0.0,1.0,0.0,1.2471303939819336,,False,4,0,no_bootstrap,0.0,278
278,-2.5,0.0,1.0,0.25,0.19719460606575012,0.8829152584075928,True,4,1,no_bootstrap,0.0,279
279,0.0,0.0,1.0,0.0,0.41769763827323914,,False,4,0,no_bootstrap,0.0,280
280,-2.5,0.0,1.0,0.25,0.7491000890731812,-0.35948729515075684,True,4,1,no_bootstrap,0.0,281
281,0.0,0.04305751249194145,0.25000348687171936,0.0,0.04352444410324097,,False,4,0,no_bootstrap,0.0,282
282,0.435406272445929,0.07999895513057709,0.5000024437904358,0.0,0.39745768904685974,0.5600214600563049,True,4,1,no_bootstrap,0.0,283
283,0.3069628573197639,0.08535532653331757,0.4999626576900482,0.0,0.2577537000179291,,False,4,0,no_bootstrap,0.0,284
284,0.0,0.0,1.0,0.0,0.2530072331428528,0.06747673451900482,True,4,1,no_bootstrap,0.0,285
285,0.0,0.0,1.0,0.0,0.5427270531654358,,False,4,0,no_bootstrap,0.0,286
286,0.0,0.0,1.0,0.0,0.46621423959732056,-0.6948630809783936,True,4,1,no_bootstrap,0.0,287
287,0.15225560063865926,0.04195641353726387,0.2500036060810089,0.0,0.10436836630105972,,False,4,0,no_bootstrap,0.0,288
288,0.0,0.0,1.0,0.0,0.35787835717201233,0.2474592924118042,True,4,1,no_bootstrap,0.0,289
289,0.0,0.0,1.0,0.0,0.07416468113660812,,False,4,0,no_bootstrap,0.0,290
290,0.0,0.0,1.0,0.0,0.2366827428340912,-0.24367788434028625,True,4,1,no_bootstrap,0.0,291
291,0.0,0.0,1.0,0.0,0.3393600881099701,,False,4,0,no_bootstrap,0.0,292
292,0.0,0.0,1.0,0.0,0.16208291053771973,-0.08535270392894745,True,4,1,no_bootstrap,0.0,293
293,0.0,0.0,1.0,0.0,0.2213362157344818,,False,4,0,no_bootstrap,0.0,294
294,0.0,0.0,1.0,0.0,0.07689764350652695,0.16291722655296326,True,4,1,no_bootstrap,0.0,295
295,0.0,0.0,1.0,0.0,0.05034004524350166,,False,4,0,no_bootstrap,0.0,296
296,0.0,0.0,1.0,0.0,0.11429741233587265,0.25308138132095337,True,4,1,no_bootstrap,0.0,297
297,0.4439361262428968,0.08168603479862213,0.499991238117218,0.0,0.8239223957061768,,False,4,0,no_bootstrap,0.0,298
298,0.0,0.0,1.0,0.0,0.2441772222518921,-0.1868123561143875,True,4,1,no_bootstrap,0.0,299
299,0.4526177965534244,0.08322460949420929,0.49999892711639404,0.0,0.019964046776294708,,False,4,0,no_bootstrap,0.0,300
300,0.621406031406445,0.21429672837257385,0.2500006854534149,0.0,0.6236449480056763,-0.9619486927986145,True,4,1,no_bootstrap,0.0,301
301,0.0,0.0,1.0,0.0,0.21209527552127838,,False,4,0,no_bootstrap,0.0,302
302,0.3042505370163236,0.08498570322990417,0.49991410970687866,0.0,0.04969250410795212,-0.4378330707550049,True,4,1,no_bootstrap,0.0,303
303,0.0,0.0,1.0,0.0,0.29844969511032104,,False,4,0,no_bootstrap,0.0,304
304,0.0,0.0,1.0,0.0,0.21199074387550354,-0.764922022819519,True,4,1,no_bootstrap,0.0,305
305,0.0,0.0,1.0,0.0,0.8877622485160828,,False,4,0,no_bootstrap,0.0,306
306,0.0,0.0,1.0,0.0,1.0528746843338013,-0.721916913986206,True,4,1,no_bootstrap,0.0,307
307,0.14588272629763666,0.04020038619637489,0.25000372529029846,0.0,0.9568653106689453,,False,4,0,no_bootstrap,0.0,308
308,-2.5,0.0,1.0,0.25,0.6841396689414978,-0.019112691283226013,True,4,1,no_bootstrap,0.0,309
309,0.0,0.0,1.0,0.0,0.2848391532897949,,False,4,0,no_bootstrap,0.0,310
310,0.0,0.0,1.0,0.0,1.1165953874588013,0.03207750990986824,True,4,1,no_bootstrap,0.0,311
311,0.0,0.0,1.0,0.0,0.13510379195213318,,False,4,0,no_bootstrap,0.0,312
312,0.0,0.0,1.0,0.0,0.7759953141212463,-0.2561333179473877,True,4,1,no_bootstrap,0.0,313
313,0.0,0.0861150249838829,0.500002384185791,0.0,0.14705511927604675,,False,4,0,no_bootstrap,0.0,314
314,0.44204400548613465,0.08073752373456955,0.4998374879360199,0.0,0.4111301004886627,-0.15254300832748413,True,4,1,no_bootstrap,0.0,315
315,0.0,0.0,1.0,0.0,0.3164598047733307,,False,4,0,no_bootstrap,0.0,316
316,0.0,0.0,1.0,0.0,0.2051817774772644,0.26090312004089355,True,4,1,no_bootstrap,0.0,317
317,0.0,0.0,1.0,0.0,0.19335021078586578,,False,4,0,no_bootstrap,0.0,318
318,0.15410861483475702,0.04246693477034569,0.25000354647636414,0.0,1.9398082494735718,0.3037879765033722,True,4,1,no_bootstrap,0.0,319
319,0.0,0.0,1.0,0.0,1.080149531364441,,False,4,0,no_bootstrap,0.0,320
320,0.2914831101487915,0.08326616883277893,0.49941790103912354,0.0,0.0879710391163826,-0.799852728843689,True,4,1,no_bootstrap,0.0,321
321,0.303737901917377,0.08491602540016174,0.49990272521972656,0.0,0.13457709550857544,,False,4,0,no_bootstrap,0.0,322
322,0.14471963488984088,0.039879754185676575,0.25000378489494324,0.0,0.5216754078865051,0.8088845610618591,True,4,1,no_bootstrap,0.0,323
323,0.4246517467747333,0.1258026361465454,0.45203807950019836,0.0,0.6107767224311829,,False,4,0,no_bootstrap,0.0,324
324,0.0,0.0,1.0,0.0,0.42862823605537415,-0.6653720736503601,True,4,1,no_bootstrap,0.0,325
325,0.30029174873344794,0.12580808997154236,0.2500011920928955,0.0,0.045453887432813644,,False,4,0,no_bootstrap,0.0,326
326,0.0,0.0,1.0,0.0,0.09631781280040741,0.6578655242919922,True,4,1,no_bootstrap,0.0,327
327,0.0,0.0,1.0,0.0,0.39548859000205994,,False,4,0,no_bootstrap,0.0,328
328,0.0,0.04305751249194145,0.25000348687171936,0.0,0.227371484041214,-0.754703938961029,True,4,1,no_bootstrap,0.0,329
329,0.0,0.0,1.0,0.0,0.3557194769382477,,False,4,0,no_bootstrap,0.0,330
330,0.0,0.04305751249194145,0.25000354647636414,0.0,0.06217017024755478,-0.208179771900177,True,4,1,no_bootstrap,0.0,331
331,0.15322537412798481,0.04222353547811508,0.2500036060810089,0.0,0.47618627548217773,,False,4,0,no_bootstrap,0.0,332
332,0.0,0.0,1.0,0.0,0.19054919481277466,-0.6558268070220947,True,4,1,no_bootstrap,0.0,333
333,0.2962837069486806,0.0839088186621666,0.49965700507164,0.0,0.3984466791152954,,False,4,0,no_bootstrap,0.0,334
334,0.0,0.0,1.0,0.0,0.6203114986419678,0.8290889859199524,True,4,1,no_bootstrap,0.0,335
335,0.0,0.0,1.0,0.0,0.5891433954238892,,False,4,0,no_bootstrap,0.0,336
336,0.0,0.0,1.0,0.0,0.22291713953018188,0.25651630759239197,True,4,1,no_bootstrap,0.0,337
337,0.0,0.0,1.0,0.0,1.8649845123291016,,False,4,0,no_bootstrap,0.0,338
338,0.0,0.0,1.0,0.0,0.06626813113689423,-0.1932835727930069,True,4,1,no_bootstrap,0.0,339
339,0.0,0.0,1.0,0.0,0.21376881003379822,,False,4,0,no_bootstrap,0.0,340
340,0.0,0.0,1.0,0.0,0.40175262093544006,-0.5310136675834656,True,4,1,no_bootstrap,0.0,341
341,0.0,0.0,1.0,0.0,0.9196076393127441,,False,4,0,no_bootstrap,0.0,342
342,0.0,0.0,1.0,0.0,1.3599319458007812,-0.21449723839759827,True,4,1,no_bootstrap,0.0,343
343,0.0,0.0,1.0,0.0,0.36714380979537964,,False,4,0,no_bootstrap,0.0,344
344,0.0,0.04305751249194145,0.25000354647636414,0.0,0.94843989610672,-0.7195808291435242,True,4,1,no_bootstrap,0.0,345
345,0.0,0.0,1.0,0.0,3.0368566513061523,,False,4,0,no_bootstrap,0.0,346
346,0.0,0.0,1.0,0.0,2.0426769256591797,0.7963089346885681,True,4,1,no_bootstrap,0.0,347
347,0.14337324791752923,0.03950873389840126,0.2500038146972656,0.0,0.461049348115921,,False,4,0,no_bootstrap,0.0,348
348,0.0,0.0,1.0,0.0,3.878615379333496,-1.0778138637542725,True,4,1,no_bootstrap,0.0,349
349,0.0,0.0,1.0,0.0,0.8482214212417603,,False,4,0,no_bootstrap,0.0,350
350,0.0,0.0,1.0,0.0,0.20951329171657562,0.30401837825775146,True,4,1,no_bootstrap,0.0,351
351,0.1552706541722482,0.042787276208400726,0.25000351667404175,0.0,1.354270577430725,,False,4,0,no_bootstrap,0.0,352
352,0.0,0.0,1.0,0.0,2.078237533569336,-1.0112428665161133,True,4,1,no_bootstrap,0.0,353
353,0.0,0.0,1.0,0.0,1.1729612350463867,,False,4,0,no_bootstrap,0.0,354
354,0.0,0.0,1.0,0.0,0.2956363558769226,0.02395135909318924,True,4,1,no_bootstrap,0.0,355
355,0.0,0.0,1.0,0.0,0.8336150646209717,,False,4,0,no_bootstrap,0.0,356
356,0.0,0.0,1.0,0.0,0.17307841777801514,-0.556501030921936,True,4,1,no_bootstrap,0.0,357
357,0.8664836631932789,0.16501271724700928,0.5000012516975403,0.0,0.34943875670433044,,False,4,0,no_bootstrap,0.0,358
358,0.0,0.04305751249194145,0.25000354647636414,0.0,0.3964558243751526,0.33451956510543823,True,4,1,no_bootstrap,0.0,359
359,0.0,0.0,1.0,0.0,0.22611460089683533,,False,4,0,no_bootstrap,0.0,360
360,0.44505982038639136,0.0823281854391098,0.49980559945106506,0.0,0.4295307397842407,0.3237054944038391,True,4,1,no_bootstrap,0.0,361
361,0.0,0.0,1.0,0.0,1.650583028793335,,False,4,0,no_bootstrap,0.0,362
362,0.29172494788854625,0.08329842984676361,0.4994313716888428,0.0,0.23975561559200287,0.2576203942298889,True,4,1,no_bootstrap,0.0,363
363,0.0,0.0,1.0,0.0,0.5074672698974609,,False,4,0,no_bootstrap,0.0,364
364,0.0,0.04305751249194145,0.25000348687171936,0.0,1.375530481338501,-0.6702394485473633,True,4,1,no_bootstrap,0.0,365
365,0.0,0.0,1.0,0.0,0.6015740036964417,,False,4,0,no_bootstrap,0.0,366
366,0.0,0.0,1.0,0.0,1.0089118480682373,0.17711441218852997,True,4,1,no_bootstrap,0.0,367
367,0.0,0.0,1.0,0.0,0.5375469326972961,,False,4,0,no_bootstrap,0.0,368
368,0.0,0.0,1.0,0.0,0.10904283821582794,-0.15552805364131927,True,4,1,no_bootstrap,0.0,369
369,0.5644870760603178,0.12199191749095917,0.452963650226593,0.0,0.33292126655578613,,False,4,0,no_bootstrap,0.0,370
370,0.0,0.0,1.0,0.0,0.177148699760437,0.013035565614700317,True,4,1,no_bootstrap,0.0,371
371,0.9149256312752443,0.12585651874542236,0.7499340176582336,0.0,0.0863412469625473,,False,4,0,no_bootstrap,0.0,372
372,0.0,0.0,1.0,0.0,0.06373588740825653,0.3101593852043152,True,4,1,no_bootstrap,0.0,373
373,0.0,0.0,1.0,0.0,0.3202579915523529,,False,4,0,no_bootstrap,0.0,374
374,0.15372280957963602,0.08541837334632874,0.25000178813934326,0.0,0.22059713304042816,-0.41473567485809326,True,4,1,no_bootstrap,0.0,375
375,0.0,0.0,1.0,0.0,0.08940990269184113,,False,4,0,no_bootstrap,0.0,376
376,0.0,0.04305751249194145,0.25000348687171936,0.0,0.1193152666091919,-0.047235917299985886,True,4,1,no_bootstrap,0.0,377
377,0.7290890401131537,0.12583185732364655,0.4539741575717926,0.0,0.22919529676437378,,False,4,0,no_bootstrap,0.0,378
378,0.0,0.0,1.0,0.0,0.324211061000824,-0.4789617955684662,True,4,1,no_bootstrap,0.0,379
379,0.0,0.0,1.0,0.0,1.0869176387786865,,False,4,0,no_bootstrap,0.0,380
380,1.9202813703320645,0.1230810135602951,0.7498358488082886,0.0,0.2618768811225891,0.593799889087677,True,4,1,no_bootstrap,0.0,381
381,0.0,0.0,1.0,0.0,1.6123332977294922,,False,4,0,no_bootstrap,0.0,382
382,0.4586083817690282,0.08442743122577667,0.4999832212924957,0.0,0.06381938606500626,0.38316118717193604,True,4,1,no_bootstrap,0.0,383
383,0.0,0.0,1.0,0.0,0.4499519467353821,,False,4,0,no_bootstrap,0.0,384
384,0.0,0.04305751249194145,0.25000348687171936,0.0,0.9231916069984436,-0.5505670309066772,True,4,1,no_bootstrap,0.0,385
385,0.0,0.0,1.0,0.0,0.9396669268608093,,False,4,0,no_bootstrap,0.0,386
386,0.0,0.0,1.0,0.0,0.3651413321495056,-0.8545007705688477,True,4,1,no_bootstrap,0.0,387
387,0.0,0.0,1.0,0.0,0.9206340909004211,,False,4,0,no_bootstrap,0.0,388
388,0.6250016893178698,0.21528756618499756,0.25000065565109253,0.0,1.4647436141967773,0.2896695137023926,True,4,1,no_bootstrap,0.0,389
389,0.0,0.04305751249194145,0.25000348687171936,0.0,0.4723109304904938,,False,4,0,no_bootstrap,0.0,390
390,0.14666325171940717,0.04041510820388794,0.25000375509262085,0.0,0.4419128894805908,-0.7597606778144836,True,4,1,no_bootstrap,0.0,391
391,0.0,0.0,1.0,0.0,0.36096298694610596,,False,4,0,no_bootstrap,0.0,392
392,0.4562985337292186,0.08419636636972427,0.4999200403690338,0.0,0.35955554246902466,0.7854522466659546,True,4,1,no_bootstrap,0.0,393
393,0.0,0.0,1.0,0.0,1.032790184020996,,False,4,0,no_bootstrap,0.0,394
394,0.0,0.04305751249194145,0.25000354647636414,0.0,0.39741432666778564,-0.29075193405151367,True,4,1,no_bootstrap,0.0,395
395,0.4491910097689181,0.08185574412345886,0.49967095255851746,0.0,0.9266363382339478,,False,4,0,no_bootstrap,0.0,396
396,0.0,0.0,1.0,0.0,0.8657180070877075,0.06394605338573456,True,4,1,no_bootstrap,0.0,397
397,0.15101976410651252,0.04161573946475983,0.2500036656856537,0.0,2.4024817943573,,False,4,0,no_bootstrap,0.0,398
398,0.14637231275109433,0.04033530876040459,0.25000378489494324,0.0,0.5353732109069824,-0.3470931351184845,True,4,1,no_bootstrap,0.0,399
399,0.0,0.0,1.0,0.0,7.054567337036133,,False,4,0,no_bootstrap,0.0,400
400,0.15215946079306128,0.041929684579372406,0.2500036060810089,0.0,2.716923475265503,1.9482812881469727,True,4,1,no_bootstrap,0.0,401
401,0.0,0.0,1.0,0.0,0.4571686387062073,,False,4,0,no_bootstrap,0.0,402
402,0.0,0.0,1.0,0.0,1.5611990690231323,0.2417711466550827,True,4,1,no_bootstrap,0.0,403
403,0.0,0.0,1.0,0.0,0.18658147752285004,,False,4,0,no_bootstrap,0.0,404
404,0.0,0.0,1.0,0.0,0.38955962657928467,0.35776975750923157,True,4,1,no_bootstrap,0.0,405
405,0.0,0.0,1.0,0.0,0.3972894251346588,,False,4,0,no_bootstrap,0.0,406
406,0.439248917704389,0.08114463835954666,0.49987274408340454,0.0,0.6408120393753052,-0.10745872557163239,True,4,1,no_bootstrap,0.0,407
407,0.0,0.0,1.0,0.0,0.342991441488266,,False,4,0,no_bootstrap,0.0,408
408,0.29046523212909114,0.08313049376010895,0.4993588328361511,0.0,0.534131646156311,0.19870592653751373,True,4,1,no_bootstrap,0.0,409
409,0.0,0.0,1.0,0.0,0.35414794087409973,,False,4,0,no_bootstrap,0.0,410
410,0.0,0.0,1.0,0.0,0.6634302139282227,-0.8013452887535095,True,4,1,no_bootstrap,0.0,411
411,0.4405711901178768,0.08173735439777374,0.49961525201797485,0.0,1.1073861122131348,,False,4,0,no_bootstrap,0.0,412
412,0.7660633034446778,0.12778650224208832,0.7498254776000977,0.0,0.32564106583595276,0.9108521938323975,True,4,1,no_bootstrap,0.0,413
413,1.1549625589012247,0.07956740260124207,0.500001847743988,0.0,1.6408418416976929,,False,4,0,no_bootstrap,0.0,414
414,0.0,0.0,1.0,0.0,2.0282506942749023,-2.1372718811035156,True,4,1,no_bootstrap,0.0,415
415,0.0,0.0,1.0,0.0,2.4339263439178467,,False,4,0,no_bootstrap,0.0,416
416,0.0,0.0,1.0,0.0,1.789131760597229,-1.160223364830017,True,4,1,no_bootstrap,0.0,417
417,0.0,0.0,1.0,0.0,2.181150197982788,,False,4,0,no_bootstrap,0.0,418
418,0.0,0.0,1.0,0.0,1.8609410524368286,1.1169911623001099,True,4,1,no_bootstrap,0.0,419
419,0.0,0.0,1.0,0.0,0.7762934565544128,,False,4,0,no_bootstrap,0.0,420
420,0.0,0.0,1.0,0.0,3.531388282775879,0.06550828367471695,True,4,1,no_bootstrap,0.0,421
421,0.1462880086964231,0.04031207412481308,0.25000372529029846,0.0,3.779768943786621,,False,4,0,no_bootstrap,0.0,422
422,0.0,0.0,1.0,0.0,2.1297333240509033,0.7418888211250305,True,4,1,no_bootstrap,0.0,423
423,0.1463714683262446,0.04033507779240608,0.25000375509262085,0.0,1.0660370588302612,,False,4,0,no_bootstrap,0.0,424
424,0.0,0.0,1.0,0.0,2.7608110904693604,-0.3671526312828064,True,4,1,no_bootstrap,0.0,425
425,0.0,0.0,1.0,0.0,0.6176167130470276,,False,4,0,no_bootstrap,0.0,426
426,0.7267037752441405,0.1680038571357727,0.5000011920928955,0.0,1.9365742206573486,-3.366706371307373,True,4,1,no_bootstrap,0.0,427
427,0.4684982163940855,0.08607609570026398,0.5000022649765015,0.0,2.672654390335083,,False,4,0,no_bootstrap,0.0,428
428,0.0,0.0,1.0,0.0,2.0793869495391846,0.6573124527931213,True,4,1,no_bootstrap,0.0,429
429,0.0,0.0,1.0,0.0,0.602247953414917,,False,4,0,no_bootstrap,0.0,430
430,0.0,0.0,1.0,0.0,2.380105495452881,-1.982683777809143,True,4,1,no_bootstrap,0.0,431
431,0.0,0.0,1.0,0.0,1.5111709833145142,,False,4,0,no_bootstrap,0.0,432
432,0.29242861680595966,0.08339238166809082,0.4994700253009796,0.0,0.31717732548713684,0.5762841701507568,True,4,1,no_bootstrap,0.0,433
433,0.0,0.0,1.0,0.0,1.0757957696914673,,False,4,0,no_bootstrap,0.0,434
434,0.0,0.04305751249194145,0.25000348687171936,0.0,1.7474582195281982,-0.128925159573555,True,4,1,no_bootstrap,0.0,435
435,0.0,0.0,1.0,0.0,3.101994276046753,,False,4,0,no_bootstrap,0.0,436
436,0.15203130201832463,0.041894372552633286,0.2500036060810089,0.0,3.3683395385742188,-1.9952312707901,True,4,1,no_bootstrap,0.0,437
437,0.0,0.0,1.0,0.0,2.7399752140045166,,False,4,0,no_bootstrap,0.0,438
438,0.0,0.0,1.0,0.0,0.9632996320724487,0.2916288673877716,True,4,1,no_bootstrap,0.0,439
439,0.0,0.04305751249194145,0.25000354647636414,0.0,1.7007771730422974,,False,4,0,no_bootstrap,0.0,440
440,0.0,0.0,1.0,0.0,0.4224017560482025,0.8948802351951599,True,4,1,no_bootstrap,0.0,441
441,0.0,0.0,1.0,0.0,0.49212217330932617,,False,4,0,no_bootstrap,0.0,442
442,0.0,0.0,1.0,0.0,3.1492507457733154,2.1078855991363525,True,4,1,no_bootstrap,0.0,443
443,0.1541218210856858,0.04247058182954788,0.25000354647636414,0.0,9.882864952087402,,False,4,0,no_bootstrap,0.0,444
444,0.0,0.0,1.0,0.0,2.0698676109313965,-1.9093143939971924,True,4,1,no_bootstrap,0.0,445
445,0.152245924360463,0.04195350781083107,0.2500036358833313,0.0,2.1649842262268066,,False,4,0,no_bootstrap,0.0,446
446,0.45943535055753465,0.08424030989408493,0.4999851882457733,0.0,3.1484320163726807,1.0548241138458252,True,4,1,no_bootstrap,0.0,447
447,0.0,0.0,1.0,0.0,1.6567599773406982,,False,4,0,no_bootstrap,0.0,448
448,0.0,0.0,1.0,0.0,1.5906583070755005,0.29820752143859863,True,4,1,no_bootstrap,0.0,449
449,0.0,0.0,1.0,0.0,1.8630954027175903,,False,4,0,no_bootstrap,0.0,450
450,2.955367370324147,0.21094092726707458,0.908237636089325,0.0,0.9260987639427185,-1.8766441345214844,True,4,1,no_bootstrap,0.0,451
451,0.0,0.0,1.0,0.0,6.815428733825684,,False,4,0,no_bootstrap,0.0,452
452,0.0,0.0,1.0,0.0,2.8096165657043457,1.178080677986145,True,4,1,no_bootstrap,0.0,453
453,0.9754535753709981,0.16529293358325958,0.6696124076843262,0.0,11.669660568237305,,False,4,0,no_bootstrap,0.0,454
454,0.8823407713708749,0.1216856986284256,0.7499004602432251,0.0,2.0242152214050293,-0.3688969314098358,True,4,1,no_bootstrap,0.0,455
455,0.0,0.0,1.0,0.0,9.30532455444336,,False,4,0,no_bootstrap,0.0,456
456,0.0,0.0,1.0,0.0,1.365539789199829,-0.46222203969955444,True,4,1,no_bootstrap,0.0,457
457,0.0,0.04305751249194145,0.25000354647636414,0.0,2.411222457885742,,False,4,0,no_bootstrap,0.0,458
458,0.0,0.0,1.0,0.0,6.343369007110596,-0.15546925365924835,True,4,1,no_bootstrap,0.0,459
459,0.0,0.0,1.0,0.0,4.231135368347168,,False,4,0,no_bootstrap,0.0,460
460,0.1453151620543657,0.040043991059064865,0.2500038146972656,0.0,1.97507905960083,-0.6154608726501465,True,4,1,no_bootstrap,0.0,461
461,0.1469985714429377,0.04050750285387039,0.25000375509262085,0.0,2.088057518005371,,False,4,0,no_bootstrap,0.0,462
462,0.0,0.04305751249194145,0.25000354647636414,0.0,2.22202730178833,-0.5114921927452087,True,4,1,no_bootstrap,0.0,463
463,0.0,0.0,1.0,0.0,4.404087543487549,,False,4,0,no_bootstrap,0.0,464
464,0.0,0.0,1.0,0.0,2.572329521179199,0.14188888669013977,True,4,1,no_bootstrap,0.0,465
465,0.4544233014694513,0.08280795812606812,0.4996696412563324,0.0,0.9280211925506592,,False,4,0,no_bootstrap,0.0,466
466,0.28879866970842305,0.08290879428386688,0.49925583600997925,0.0,0.23779930174350739,-1.3780514001846313,True,4,1,no_bootstrap,0.0,467
467,0.15204749836380335,0.04189883917570114,0.2500035762786865,0.0,0.7459017038345337,,False,4,0,no_bootstrap,0.0,468
468,1.3924952269695297,0.20915132761001587,0.9058762192726135,0.0,0.4562717080116272,0.3341006338596344,True,4,1,no_bootstrap,0.0,469
469,0.0,0.0,1.0,0.0,0.7546579837799072,,False,4,0,no_bootstrap,0.0,470
470,0.0,0.0,1.0,0.0,0.5423538684844971,-0.7483330368995667,True,4,1,no_bootstrap,0.0,471
471,0.0,0.0,1.0,0.0,1.8599255084991455,,False,4,0,no_bootstrap,0.0,472
472,0.0,0.0,1.0,0.0,1.0407558679580688,0.48564401268959045,True,4,1,no_bootstrap,0.0,473
473,0.0,0.0,1.0,0.0,1.1851253509521484,,False,4,0,no_bootstrap,0.0,474
474,0.0,0.0,1.0,0.0,4.989577770233154,-0.5168362855911255,True,4,1,no_bootstrap,0.0,475
475,0.1517243466639273,0.04180978611111641,0.2500036060810089,0.0,1.2666494846343994,,False,4,0,no_bootstrap,0.0,476
476,0.0,0.0,1.0,0.0,5.2433180809021,0.30994686484336853,True,4,1,no_bootstrap,0.0,477
477,0.0,0.0,1.0,0.0,1.6472980976104736,,False,4,0,no_bootstrap,0.0,478
478,0.0,0.0,1.0,0.0,1.678698182106018,-0.5430692434310913,True,4,1,no_bootstrap,0.0,479
479,-2.3508169706859245,0.041109599173069,0.2500036656856537,0.25,5.5315141677856445,,False,4,0,no_bootstrap,0.0,480
480,0.0,0.0,1.0,0.0,0.9397246241569519,-0.1306459605693817,True,4,1,no_bootstrap,0.0,481
481,0.0,0.0,1.0,0.0,0.6458950638771057,,False,4,0,no_bootstrap,0.0,482
482,0.0,0.0,1.0,0.0,1.4198276996612549,-0.3355858027935028,True,4,1,no_bootstrap,0.0,483
483,0.14396607569114092,0.03967209532856941,0.25000378489494324,0.0,0.30131375789642334,,False,4,0,no_bootstrap,0.0,484
484,0.0,0.0,1.0,0.0,0.9583544135093689,0.14752712845802307,True,4,1,no_bootstrap,0.0,485
485,0.0,0.0,1.0,0.0,0.8270281553268433,,False,4,0,no_bootstrap,0.0,486
486,-2.5,0.0,1.0,0.25,0.3611307144165039,0.0981270968914032,True,4,1,no_bootstrap,0.0,487
487,0.1463671493007836,0.08339150995016098,0.25000178813934326,0.0,0.3856447637081146,,False,4,0,no_bootstrap,0.0,488
488,0.0,0.0,1.0,0.0,0.6359266638755798,-0.3614614009857178,True,4,1,no_bootstrap,0.0,489
489,-2.5,0.0,1.0,0.25,0.05698957294225693,,False,4,0,no_bootstrap,0.0,490
490,0.0,0.0,1.0,0.0,0.37046024203300476,-0.08017601817846298,True,4,1,no_bootstrap,0.0,491
491,0.0,0.0,1.0,0.0,0.07228158414363861,,False,4,0,no_bootstrap,0.0,492
492,0.0,0.04305751249194145,0.25000348687171936,0.0,0.10573126375675201,0.45548975467681885,True,4,1,no_bootstrap,0.0,493
493,0.4517473883357622,0.08241132646799088,0.4997583329677582,0.0,0.016875794157385826,,False,4,0,no_bootstrap,0.0,494
494,0.6250016893178698,0.21528756618499756,0.25000065565109253,0.0,0.016220152378082275,-0.36405977606773376,True,4,1,no_bootstrap,0.0,495
495,0.46520293839765425,0.08528053760528564,0.4999812841415405,0.0,0.43785011768341064,,False,4,0,no_bootstrap,0.0,496
496,0.0,0.0,1.0,0.0,2.5855531692504883,0.1520533710718155,True,4,1,no_bootstrap,0.0,497
497,0.0,0.0,1.0,0.0,0.44501522183418274,,False,4,0,no_bootstrap,0.0,498
498,0.8843483153144758,0.1211637556552887,0.7496773600578308,0.0,1.0336816310882568,-0.7834861278533936,True,4,1,no_bootstrap,0.0,499
499,0.0,0.0,1.0,0.0,1.5882781744003296,,False,4,0,no_bootstrap,0.0,500
