run_name,batch_id,target_mode,bootstrap_weight,q_target_mse,q_target_corr,bootstrap_target_abs_ratio,bootstrap_reward_abs_ratio,n_step_targets_nearly_constant,prefix_q_values_nearly_constant,batch_finite,scalar_reward_seq_mean,scalar_reward_seq_std,scalar_reward_seq_min,scalar_reward_seq_max,prefix_q_values_mean,prefix_q_values_std,prefix_q_values_min,prefix_q_values_max,n_step_targets_mean,n_step_targets_std,n_step_targets_min,n_step_targets_max,bootstrap_values_mean,bootstrap_values_std,bootstrap_values_min,bootstrap_values_max,discounted_reward_prefix_mean,discounted_reward_prefix_std,discounted_reward_prefix_min,discounted_reward_prefix_max,bootstrap_term_mean,bootstrap_term_std,bootstrap_term_min,bootstrap_term_max
full_bootstrap__seed_0,0,bootstrapped_n_step,1.0,0.05244256928563118,-0.20815620491302886,1.2570775172882376,4.177392159220801,False,False,True,0.01728471604292281,0.02719360243826859,0.0,0.14631175994873047,-0.24609022017102689,0.1870987620340948,-0.7150366306304932,0.018918044865131378,-0.14747196855023503,0.05711586722428829,-0.21288539469242096,0.13289399445056915,-0.19895282946527004,0.026853872273388025,-0.25192707777023315,-0.15376722812652588,0.046412886324105784,0.05668871793464642,0.0,0.3287585377693176,-0.1938848551362753,0.02525300625307724,-0.2444445937871933,-0.15222956240177155
full_bootstrap__seed_0,1,bootstrapped_n_step,1.0,0.058716390281915665,-0.19029593980717066,1.3241115800968044,3.5731161570463685,False,False,True,0.018820504570612684,0.027242702940067472,0.0,0.14631175994873047,-0.23047095455694944,0.20585378441024688,-0.7150366306304932,0.15518522262573242,-0.13878189190290868,0.05813184591126353,-0.21593031287193298,0.13289399445056915,-0.1977492228616029,0.02840618623403877,-0.25192707777023315,-0.15376722812652588,0.05393532334710471,0.05650090358214631,0.0,0.3287585377693176,-0.19271721597760916,0.02683845055405077,-0.2444445937871933,-0.15222956240177155
full_bootstrap__seed_0,2,bootstrapped_n_step,1.0,0.01088972482830286,0.23660963617065578,1.206571755511416,5.840929955629263,False,False,True,0.01022789248963818,0.014058791069240465,0.0,0.050256818532943726,-0.15047947387211025,0.10662452360993296,-0.361844539642334,0.018918044865131378,-0.15823252231348306,0.03509234600814925,-0.21296821534633636,-0.06754681468009949,-0.19589762156829238,0.02860310153657575,-0.27429383993148804,-0.15376722812652588,0.03268637909786776,0.025067396855633098,0.0,0.125122532248497,-0.1909189010038972,0.027136977381703672,-0.2688353955745697,-0.15222956240177155
full_bootstrap__seed_0,3,bootstrapped_n_step,1.0,0.047178369015455246,0.02611162030611504,1.3978355374999225,3.513600034677571,False,False,True,0.019615083350799978,0.01979066278200414,0.0,0.058574024587869644,-0.19792117201723158,0.20689059712150246,-0.7150366306304932,0.15518522262573242,-0.1439385392004624,0.04399902369723373,-0.21593031287193298,-0.06754681468009949,-0.20642869197763503,0.02694176528204567,-0.27429383993148804,-0.15376722812652588,0.05726388143375516,0.03617597017411444,0.0,0.125122532248497,-0.20120242121629417,0.0255322922734466,-0.2688353955745697,-0.15222956240177155
full_bootstrap__seed_0,4,bootstrapped_n_step,1.0,0.07557246834039688,-0.15864641498263185,1.272098712968992,4.0279026632560955,False,False,True,0.016622744646156207,0.026239762971197223,0.0,0.14631175994873047,-0.2346116730477661,0.24482723654475685,-0.7150366306304932,0.15518522262573242,-0.1479080612771213,0.05925693218100254,-0.21379435062408447,0.13289399445056915,-0.20192118221893907,0.031018264962666985,-0.27429383993148804,-0.1580677032470703,0.048848339793039486,0.054006258200741904,0.0,0.3287585377693176,-0.19675640086643398,0.029291112400487544,-0.2688353955745697,-0.15648703277111053
full_bootstrap__seed_0,5,bootstrapped_n_step,1.0,0.04544343799352646,0.1947608500618011,1.2612361526858602,4.531528254542756,False,False,True,0.015935112751321867,0.0290808830032459,0.0,0.2035451978445053,-0.2370189615758136,0.1996667373788249,-0.7150366306304932,0.15518522262573242,-0.154192655114457,0.05400856507909225,-0.21670641005039215,0.08578301966190338,-0.20301545597612858,0.02895187461198553,-0.2644851505756378,-0.15376722812652588,0.04366172256413847,0.049425380670087254,0.0,0.3062901496887207,-0.19785437919199467,0.027407835683475483,-0.25662967562675476,-0.15222956240177155
full_bootstrap__seed_0,6,bootstrapped_n_step,1.0,0.022833123803138733,0.10699185543206657,1.24532057951812,4.757238145155292,False,False,True,0.014964770729420707,0.029414046329700003,0.0,0.2035451978445053,-0.15273906546644866,0.14717438721934023,-0.48712635040283203,0.15518522262573242,-0.1602503255708143,0.052683666861660046,-0.21670641005039215,0.08578301966190338,-0.20820532995276153,0.02923553286175,-0.2644851505756378,-0.15464389324188232,0.04265108535764739,0.05054108327327598,0.0,0.3062901496887207,-0.20290141133591533,0.02761703911233481,-0.25662967562675476,-0.15309745073318481
full_bootstrap__seed_0,7,bootstrapped_n_step,1.0,0.04706965386867523,-0.15472685357137952,1.296887710040215,3.6281869106675657,False,False,True,0.02037527647917159,0.036618211898611815,0.0,0.2035451978445053,-0.2049738032510504,0.18623774355147793,-0.7150366306304932,0.018918044865131378,-0.14649038785137236,0.0701547609953375,-0.21670641005039215,0.13289399445056915,-0.20750331482850015,0.029274048138573375,-0.27429383993148804,-0.1580677032470703,0.05573817857657559,0.06865403471828171,0.0,0.3287585377693176,-0.20222856663167477,0.027712094074717482,-0.2688353955745697,-0.15648703277111053
full_bootstrap__seed_0,8,bootstrapped_n_step,1.0,0.06852469593286514,-0.5811447710739597,1.328988167552706,2.853236817642488,False,False,True,0.02670041174860671,0.03989662086002364,0.0,0.14631175994873047,-0.22531751915812492,0.18196746891471907,-0.5631682872772217,0.15518522262573242,-0.12802149751223624,0.08693935126074896,-0.21593031287193298,0.13289399445056915,-0.2022224257234484,0.02482170629499501,-0.24848048388957977,-0.15376722812652588,0.06907993057393469,0.0867460067008724,0.0,0.3287585377693176,-0.197101429104805,0.02342625819844043,-0.2386893630027771,-0.15222956240177155
full_bootstrap__seed_0,9,bootstrapped_n_step,1.0,0.04885842278599739,-0.4173948610759707,1.2885433806774746,3.4588556078752286,False,False,True,0.021851650410098955,0.03510924440031341,0.0,0.14631175994873047,-0.2547496915794909,0.1476222826160335,-0.5631682872772217,-0.016482345759868622,-0.14750687149353325,0.07752950278649161,-0.21296821534633636,0.13289399445056915,-0.21292231348343194,0.03063279238614268,-0.27429383993148804,-0.15464389324188232,0.05999003374017775,0.07374514923431406,0.0,0.3287585377693176,-0.20749690546654165,0.028971109362954352,-0.2688353955745697,-0.15309745073318481
full_bootstrap__seed_0,10,bootstrapped_n_step,1.0,0.10868515819311142,-0.2233132284417925,1.2581809802894326,3.508071468406004,False,False,True,0.022255775780649856,0.04094950195921212,0.0,0.2035451978445053,-0.3561056323815137,0.22111085139822004,-0.7150366306304932,0.018918044865131378,-0.1450923354132101,0.08368927195980395,-0.21670641005039215,0.13289399445056915,-0.20832493668422103,0.03325016305210892,-0.27429383993148804,-0.15376722812652588,0.05785015091532841,0.08204078521274322,0.0,0.3287585377693176,-0.2029424866195768,0.031189311356010482,-0.2688353955745697,-0.15222956240177155
full_bootstrap__seed_0,11,bootstrapped_n_step,1.0,0.04943182319402695,-0.2145169182422358,1.4552282813799875,2.873514263759547,False,False,True,0.021390923648141325,0.029205872394607934,0.0,0.14631175994873047,-0.19076035975012928,0.19416971451213108,-0.7150366306304932,0.018918044865131378,-0.12532107823062688,0.05417315073600289,-0.19546940922737122,0.13289399445056915,-0.19719518395140767,0.02113702707525492,-0.25192707777023315,-0.15464389324188232,0.06689090342842974,0.055978966315145706,0.01942499727010727,0.3287585377693176,-0.19221198093146086,0.019799268240432582,-0.2444445937871933,-0.15309745073318481
full_bootstrap__seed_0,12,bootstrapped_n_step,1.0,0.04976281896233559,-0.24307973121096638,1.3857780659720895,2.959837186462469,False,False,True,0.02746000306797214,0.04246340241799955,0.0,0.2035451978445053,-0.16957941628061235,0.1898974796824293,-0.5631682872772217,0.15518522262573242,-0.1349841816117987,0.07481787872073717,-0.21670641005039215,0.13289399445056915,-0.2091622008010745,0.030209738526476754,-0.27429383993148804,-0.1580677032470703,0.06887519443989731,0.07632474298271504,0.0,0.3287585377693176,-0.20385937648825347,0.028751727450773586,-0.2688353955745697,-0.15648703277111053
full_bootstrap__seed_0,13,bootstrapped_n_step,1.0,0.05185232684016228,-0.08500515379816516,1.3561711826111433,3.3582913878502114,False,False,True,0.019767483550822362,0.02771902955199009,0.0,0.14631175994873047,-0.24914210464339703,0.18319045865604808,-0.7150366306304932,-0.016482345759868622,-0.13514129188843071,0.05885831628070777,-0.2123951017856598,0.13289399445056915,-0.19748084642924368,0.02682348209650197,-0.25192707777023315,-0.15376722812652588,0.057304734335048124,0.0578659083501921,0.0,0.3287585377693176,-0.19244602578692138,0.025167781207025924,-0.2444445937871933,-0.15222956240177155
full_bootstrap__seed_0,14,bootstrapped_n_step,1.0,0.07380642741918564,-0.4156465789044327,1.2423532528721288,3.786088971297161,False,False,True,0.018842695513740182,0.03379268376697094,0.0,0.14631175994873047,-0.23734467604663223,0.2149388086429119,-0.7150366306304932,0.018918044865131378,-0.1441431442508474,0.07468151736010052,-0.21593031287193298,0.13289399445056915,-0.20102531369775534,0.029792780053338668,-0.27429383993148804,-0.15376722812652588,0.051736722176428884,0.07281603762883913,0.0,0.3287585377693176,-0.19587986660189927,0.028058950991231072,-0.2688353955745697,-0.15222956240177155
full_bootstrap__seed_0,15,bootstrapped_n_step,1.0,0.010055264458060265,0.2888675554717019,1.415397151443459,2.787063202932944,False,False,True,0.032518444990273565,0.05459983247072194,0.0,0.2035451978445053,-0.17011948523577303,0.06950649693765791,-0.361844539642334,-0.026005737483501434,-0.13158155896235257,0.08443710577313011,-0.21670641005039215,0.08578301966190338,-0.21052041044458747,0.02901030466617455,-0.2644851505756378,-0.15376722812652588,0.0736300409771502,0.09112431021325997,0.0,0.3062901496887207,-0.20521160098724067,0.02772800710226889,-0.25662967562675476,-0.15222956240177155
full_bootstrap__seed_0,16,bootstrapped_n_step,1.0,0.018644992262125015,0.24301516230047698,1.270752329359986,4.693410956454788,False,False,True,0.012151546048698947,0.015330077910755939,0.0,0.0408165268599987,-0.17437214078381658,0.13918953536309675,-0.48712635040283203,0.018918044865131378,-0.15489447675645351,0.03982759245931231,-0.21593031287193298,-0.09056693315505981,-0.20198478712700307,0.033338095902951385,-0.27429383993148804,-0.15376722812652588,0.04193804430542514,0.024115648123116302,0.019335344433784485,0.07603543996810913,-0.19683252181857824,0.03167853654451662,-0.2688353955745697,-0.15222956240177155
full_bootstrap__seed_0,17,bootstrapped_n_step,1.0,0.06892413645982742,-0.10374214060417294,1.3684229131397625,3.155733265775463,False,False,True,0.02421832352411002,0.035797087815460406,0.0,0.2035451978445053,-0.24865993030834943,0.2205016197424349,-0.7150366306304932,0.15518522262573242,-0.1353761323262006,0.06652956633589294,-0.21670641005039215,0.13289399445056915,-0.20333968359045684,0.03001676296039889,-0.27429383993148804,-0.15464389324188232,0.06279817808535881,0.06678586104797497,0.0,0.3287585377693176,-0.19817431061528623,0.02849012984945429,-0.2688353955745697,-0.15309745073318481
full_bootstrap__seed_0,18,bootstrapped_n_step,1.0,0.06878060102462769,-0.34820685884989205,1.3024382368643885,3.3112995297094066,False,False,True,0.02072447960381396,0.033927153133174695,0.0,0.14631175994873047,-0.24971202667802572,0.20002133570615238,-0.5631682872772217,0.15518522262573242,-0.13527890923433006,0.07362744280242305,-0.21593031287193298,0.13289399445056915,-0.19888030644506216,0.028657183930936744,-0.25192707777023315,-0.15464389324188232,0.05852935498114675,0.07222999008339209,0.0,0.3287585377693176,-0.19380826479755342,0.027030924481380607,-0.2444445937871933,-0.15309745073318481
full_bootstrap__seed_0,19,bootstrapped_n_step,1.0,0.0470106266438961,-0.21585182292013985,1.2777842136036075,3.9573284921592857,False,False,True,0.01634095617919229,0.027354530347880303,0.0,0.14631175994873047,-0.2000392423942685,0.18797676185982318,-0.7150366306304932,0.018918044865131378,-0.14316434157080948,0.059858683983007595,-0.21593031287193298,0.13289399445056915,-0.19656187971122563,0.02391119255117418,-0.2414686530828476,-0.15376722812652588,0.04841000333544798,0.057083149196623,0.0,0.3287585377693176,-0.19157434487715364,0.022471308877125732,-0.2355906367301941,-0.15222956240177155
full_bootstrap__seed_0,20,bootstrapped_n_step,1.0,0.009763341397047043,0.3394294555828611,1.2457508878329455,5.069155061119334,False,False,True,0.012281030300073326,0.016874028967845518,0.0,0.058574024587869644,-0.17952792416326702,0.10366862206769767,-0.361844539642334,0.15518522262573242,-0.16489592310972512,0.04153419500968661,-0.21593031287193298,-0.06754681468009949,-0.21080343145877123,0.033291649521436775,-0.27429383993148804,-0.15376722812652588,0.04052336618769914,0.029981816375496243,0.0,0.125122532248497,-0.2054192901123315,0.03158056504577198,-0.2688353955745697,-0.15222956240177155
full_bootstrap__seed_0,21,bootstrapped_n_step,1.0,0.03214162960648537,0.22987066990317098,1.2550630874474384,4.920593461802178,False,False,True,0.012973911536391824,0.01729865116286902,0.0,0.058574024587869644,-0.2144306799164042,0.17439911971838562,-0.7150366306304932,0.018918044865131378,-0.15704194351565093,0.03374440686113576,-0.21288539469242096,-0.09056693315505981,-0.2022498247679323,0.02770618466900665,-0.25192707777023315,-0.15376722812652588,0.04005563794635236,0.029821281008646262,0.0,0.09754624962806702,-0.19709758181124926,0.026084273022982284,-0.2444445937871933,-0.15222956240177155
full_bootstrap__seed_0,22,bootstrapped_n_step,1.0,0.04289037734270096,-0.08704462064469048,1.5184339289974798,2.5579000353515293,False,False,True,0.026788470800966024,0.036622084154624354,0.0,0.2035451978445053,-0.200128068565391,0.1730336301580338,-0.7150366306304932,-0.026005737483501434,-0.1161479459842667,0.06319391881960355,-0.21670641005039215,0.13289399445056915,-0.1956163626164198,0.021027751729628504,-0.2644851505756378,-0.15376722812652588,0.07455415299045853,0.0664118845168212,0.0,0.3287585377693176,-0.19070209888741374,0.019954033120912342,-0.25662967562675476,-0.15222956240177155
full_bootstrap__seed_0,23,bootstrapped_n_step,1.0,0.08670450001955032,-0.04445840795718935,1.3780451324003002,3.2346945042563577,False,False,True,0.019814262486761436,0.027643482053035986,0.0,0.14631175994873047,-0.26067416253499687,0.25706668871572314,-0.7150366306304932,0.15518522262573242,-0.13419928820803761,0.05753453524920277,-0.21593031287193298,0.13289399445056915,-0.19933596695773304,0.029023721967441678,-0.25192707777023315,-0.15464389324188232,0.06005261224345304,0.05529869085119553,0.0,0.3287585377693176,-0.19425190053880215,0.02733235174009479,-0.2444445937871933,-0.15309745073318481
full_bootstrap__seed_0,24,bootstrapped_n_step,1.0,0.02310018241405487,0.3079313556508714,1.2732184856259767,4.660071320207039,False,False,True,0.012003150361124426,0.015310920654285722,0.0,0.058574024587869644,-0.1842352724634111,0.15528851322688647,-0.7150366306304932,0.018918044865131378,-0.149334758752957,0.04045633152836587,-0.21593031287193298,-0.09056693315505981,-0.19512388203293085,0.029401356905349885,-0.2414686530828476,-0.15464389324188232,0.04080104181775823,0.026341217491003974,0.019234206527471542,0.09754624962806702,-0.19013580097816885,0.02766670111949624,-0.2355906367301941,-0.15309745073318481
full_bootstrap__seed_0,25,bootstrapped_n_step,1.0,0.03281290829181671,-0.3672453130316785,1.4025224382792105,3.1152740355436213,False,False,True,0.02157055150019005,0.029340656957797254,0.0,0.14631175994873047,-0.1447664968436584,0.14877917672842134,-0.5631682872772217,0.15518522262573242,-0.13505415176041424,0.06184631046688621,-0.21593031287193298,0.13289399445056915,-0.20404308917932212,0.023291907578752408,-0.24848048388957977,-0.1580677032470703,0.06384709928533994,0.05858421489806798,0.0,0.3287585377693176,-0.1989012509584427,0.02204604369217491,-0.2386893630027771,-0.15648703277111053
full_bootstrap__seed_0,26,bootstrapped_n_step,1.0,0.08886808156967163,-0.1585653858294291,1.2898089099102705,3.867980014898039,False,False,True,0.017467185854911804,0.027205825767001507,0.0,0.14631175994873047,-0.23616790492087603,0.26889222628726145,-0.7150366306304932,0.15518522262573242,-0.14816956338472664,0.060509782291646934,-0.21379435062408447,0.13289399445056915,-0.205069670220837,0.03005789381938404,-0.27429383993148804,-0.15376722812652588,0.051663379854289815,0.056109990374752394,0.0,0.3287585377693176,-0.1998329432681203,0.02835950170041836,-0.2688353955745697,-0.15222956240177155
full_bootstrap__seed_0,27,bootstrapped_n_step,1.0,0.06700389832258224,-0.6018347912267176,1.4304352837249017,2.3888504019428862,False,False,True,0.030480751127470285,0.045730670055907675,0.0,0.2035451978445053,-0.1806679667206481,0.1863183277471146,-0.5631682872772217,0.018918044865131378,-0.11345621384680271,0.08872963713035172,-0.21670641005039215,0.13289399445056915,-0.20019865687936544,0.026220025585491236,-0.27429383993148804,-0.15376722812652588,0.08169070960138924,0.09030908320370705,0.0,0.3287585377693176,-0.19514692365191877,0.02496336801808245,-0.2688353955745697,-0.15222956240177155
full_bootstrap__seed_0,28,bootstrapped_n_step,1.0,0.02811458706855774,0.10878319761567323,1.3398183329957787,3.746971231615329,False,False,True,0.019361763523193076,0.030487017930755325,0.0,0.2035451978445053,-0.17708355886861682,0.16242962315987447,-0.7150366306304932,0.15518522262573242,-0.14830186287872493,0.05252692763313861,-0.21670641005039215,0.08578301966190338,-0.20754264341667295,0.030036123800243508,-0.27429383993148804,-0.15376722812652588,0.05398739210795611,0.052064915596896424,0.0,0.3062901496887207,-0.202289255335927,0.028621658108069683,-0.2688353955745697,-0.15222956240177155
full_bootstrap__seed_0,29,bootstrapped_n_step,1.0,0.04982844367623329,0.10070657903625573,1.365854441755496,3.5531646971982296,False,False,True,0.019001575012225658,0.029871041219244113,0.0,0.2035451978445053,-0.21135161956772208,0.21118751638724925,-0.7150366306304932,0.018918044865131378,-0.14182938274461776,0.05037576937412844,-0.21670641005039215,0.08578301966190338,-0.20256387745030224,0.03180157184388548,-0.27429383993148804,-0.15376722812652588,0.0555504072108306,0.0497886464319168,0.0,0.3062901496887207,-0.19737978954799473,0.030023114680714048,-0.2688353955745697,-0.15222956240177155
full_bootstrap__seed_0,30,bootstrapped_n_step,1.0,0.046051714569330215,-0.2721342683201698,1.3151526727197622,3.661441733725454,False,False,True,0.019913162133889273,0.027378469052801363,0.0,0.14631175994873047,-0.2650288927834481,0.15301110765021525,-0.5631682872772217,-0.016482345759868622,-0.14680408872663975,0.06032154100852924,-0.21593031287193298,0.13289399445056915,-0.20728438743390143,0.033448325754934276,-0.27429383993148804,-0.15376722812652588,0.055159600073238835,0.05688778631346792,0.0,0.3287585377693176,-0.20196368917822838,0.03157460923977948,-0.2688353955745697,-0.15222956240177155
full_bootstrap__seed_0,31,bootstrapped_n_step,1.0,0.022819265723228455,0.07912665091462509,1.263861471546701,4.789866851313176,False,False,True,0.013127168756909668,0.016208572919442048,0.0,0.058574024587869644,-0.13776091975159943,0.14765457198348156,-0.48712635040283203,0.15518522262573242,-0.1569117627805099,0.03973943973888679,-0.21593031287193298,-0.06754681468009949,-0.20349992346018553,0.03038625045055039,-0.27429383993148804,-0.15464389324188232,0.04140296718105674,0.029264717188542223,0.0,0.125122532248497,-0.1983147298451513,0.02878579051891661,-0.2688353955745697,-0.15309745073318481
full_bootstrap__seed_0,32,bootstrapped_n_step,1.0,0.04944989085197449,0.10670290280527747,1.2583585938714643,4.575100189103798,False,False,True,0.01589069634792395,0.02967521267361693,0.0,0.2035451978445053,-0.265684871817939,0.19272101943318531,-0.7150366306304932,0.018918044865131378,-0.15797166025731713,0.05416797954917479,-0.21670641005039215,0.08578301966190338,-0.20746467844583094,0.028807156412056358,-0.2644851505756378,-0.15464389324188232,0.044186628656461835,0.05109036891436948,0.0,0.3062901496887207,-0.2021582901943475,0.02702874195154978,-0.25662967562675476,-0.15309745073318481
full_bootstrap__seed_0,33,bootstrapped_n_step,1.0,0.05162360891699791,-0.054330470740116286,1.2765970123750814,3.984756338859043,False,False,True,0.01631798315793276,0.027339884922627577,0.0,0.14631175994873047,-0.2383626806549728,0.1956696483924587,-0.7150366306304932,0.15518522262573242,-0.14773068181239069,0.06172837718636624,-0.21379435062408447,0.13289399445056915,-0.2023781449533999,0.02759162031736452,-0.24848048388957977,-0.15376722812652588,0.04949503889656626,0.05687827726945643,0.0,0.3287585377693176,-0.19722572015598416,0.025996882318990562,-0.2386893630027771,-0.15222956240177155
full_bootstrap__seed_0,34,bootstrapped_n_step,1.0,0.0401102751493454,0.18217248319008092,1.339707298161475,3.943709675171694,False,False,True,0.01517863103072159,0.018985445815713244,0.0,0.058574024587869644,-0.2094520766986534,0.1930843161258365,-0.7150366306304932,0.15518522262573242,-0.14570154168177396,0.036533710422395727,-0.21379435062408447,-0.06754681468009949,-0.2002856507897377,0.026784165745480544,-0.25192707777023315,-0.15376722812652588,0.04949588724412024,0.0335591215424458,0.0,0.125122532248497,-0.19519742927514017,0.02526830616089137,-0.2444445937871933,-0.15222956240177155
full_bootstrap__seed_0,35,bootstrapped_n_step,1.0,0.06215837970376015,-0.32980339833833583,1.3192996512259132,3.090539991660913,False,False,True,0.024244013940915465,0.04108436205844311,0.0,0.2035451978445053,-0.2403916255570948,0.18537650049625648,-0.7150366306304932,-0.016482345759868622,-0.13443027890753,0.08135414181299014,-0.21670641005039215,0.13289399445056915,-0.20396751025691628,0.03291411099504586,-0.27429383993148804,-0.15376722812652588,0.06430408544838428,0.08142026824492941,0.0,0.3287585377693176,-0.1987343649379909,0.03106779213673829,-0.2688353955745697,-0.15222956240177155
full_bootstrap__seed_0,36,bootstrapped_n_step,1.0,0.034015730023384094,-0.22228140514100422,1.2419359992263284,4.3703594878514,False,False,True,0.015401167271193117,0.027000915919537672,0.0,0.14631175994873047,-0.16884048515930772,0.15993510675719852,-0.5631682872772217,0.15518522262573242,-0.15335107455030084,0.06171406530469199,-0.21379435062408447,0.13289399445056915,-0.20401654997840524,0.030458693374623057,-0.27429383993148804,-0.15376722812652588,0.04549990445957519,0.0551153373496443,0.0,0.3287585377693176,-0.19885097933001816,0.02906838296462358,-0.2688353955745697,-0.15222956240177155
full_bootstrap__seed_0,37,bootstrapped_n_step,1.0,0.052135616540908813,-0.17687440943704016,1.3642898748784935,3.3090909644126416,False,False,True,0.01972843729890883,0.02782651392041893,0.0,0.14631175994873047,-0.20224821439478546,0.19996750378895334,-0.7150366306304932,0.15518522262573242,-0.13413922709878534,0.05822979724112731,-0.21379435062408447,0.13289399445056915,-0.19720732467249036,0.026024377057022673,-0.27429383993148804,-0.15376722812652588,0.058091777173103765,0.055854841004807955,0.0,0.3287585377693176,-0.19223100482486188,0.024781248063539082,-0.2688353955745697,-0.15222956240177155
full_bootstrap__seed_0,38,bootstrapped_n_step,1.0,0.031734395772218704,0.11506066904149022,1.3100295628704068,4.2254977165872605,False,False,True,0.015495598781853914,0.01696248311484014,0.0,0.058574024587869644,-0.18429548025596887,0.17530722047017241,-0.48712635040283203,0.15518522262573242,-0.1502677840180695,0.036006319413733855,-0.21593031287193298,-0.09056693315505981,-0.20200798357836902,0.030274973273783062,-0.25192707777023315,-0.15376722812652588,0.04658745747292414,0.028645317490807277,0.0,0.09754624962806702,-0.19685524236410856,0.028610213914563417,-0.2444445937871933,-0.15222956240177155
full_bootstrap__seed_0,39,bootstrapped_n_step,1.0,0.041733309626579285,0.2521380306904422,1.284990644527577,4.255332435778432,False,False,True,0.01640531374141574,0.030219010902808856,0.0,0.2035451978445053,-0.2423682939261198,0.19083454105978276,-0.7150366306304932,-0.016482345759868622,-0.1551829343661666,0.053539552165834094,-0.21670641005039215,0.08578301966190338,-0.20815315563231707,0.027830170986375687,-0.2644851505756378,-0.15376722812652588,0.047670375322923064,0.05030178642512279,0.0,0.3062901496887207,-0.20285331085324287,0.02617739853769713,-0.25662967562675476,-0.15222956240177155
full_bootstrap__seed_0,40,bootstrapped_n_step,1.0,0.029014216735959053,-0.25181090148836693,1.4380670972377956,2.8499221855412267,False,False,True,0.025820171780651435,0.037166633870912194,0.0,0.2035451978445053,-0.17168323777150363,0.13410175847686504,-0.5631682872772217,0.018918044865131378,-0.1324950393754989,0.069360365063615,-0.21670641005039215,0.13289399445056915,-0.20941616035997868,0.027634900139930127,-0.27429383993148804,-0.1580677032470703,0.07162191832321696,0.06837748871316389,0.0,0.3287585377693176,-0.20411695749498904,0.026177575538111602,-0.2688353955745697,-0.15648703277111053
full_bootstrap__seed_0,41,bootstrapped_n_step,1.0,0.03660513460636139,-0.19536653615505092,1.3046676826596566,3.5699980444705797,False,False,True,0.02360459795454517,0.036558742445119016,0.0,0.2035451978445053,-0.17801953584421426,0.163258210074334,-0.5631682872772217,0.15518522262573242,-0.14591189415659755,0.06779582039421717,-0.21670641005039215,0.13289399445056915,-0.20791600225493312,0.024959768599944705,-0.2644851505756378,-0.15376722812652588,0.05677508775261231,0.06970281444712581,0.0,0.3287585377693176,-0.20268698269501328,0.02379916191820775,-0.25662967562675476,-0.15222956240177155
full_bootstrap__seed_0,42,bootstrapped_n_step,1.0,0.04355407506227493,0.29380832988614497,1.3221866704660177,3.8886697283869083,False,False,True,0.017724968725815415,0.030240054580920158,0.0,0.2035451978445053,-0.2366538803325966,0.19747624883652923,-0.7150366306304932,-0.016482345759868622,-0.14772465906571597,0.05412902417769,-0.21670641005039215,0.08578301966190338,-0.20404017041437328,0.02786709206767642,-0.2644851505756378,-0.15464389324188232,0.05113932833774015,0.05091999828787355,0.0,0.3062901496887207,-0.19886398781090975,0.026353570998755096,-0.25662967562675476,-0.15309745073318481
full_bootstrap__seed_0,43,bootstrapped_n_step,1.0,0.05412336811423302,-0.10832819201868761,1.3073155267978616,3.5523686756715995,False,False,True,0.02326128914137371,0.03669566444413235,0.0,0.2035451978445053,-0.2117661526426673,0.20453129492254163,-0.7150366306304932,0.15518522262573242,-0.1461390806362033,0.06989953928999561,-0.21670641005039215,0.13289399445056915,-0.20865523186512291,0.023133903407537397,-0.2644851505756378,-0.15995199978351593,0.05725625008926727,0.06952820137656322,0.0,0.3287585377693176,-0.2033953310456127,0.021866348825673915,-0.25662967562675476,-0.15835247933864594
full_bootstrap__seed_0,44,bootstrapped_n_step,1.0,0.06904911249876022,-0.25552178247160445,1.4172490118625973,2.666350990338702,False,False,True,0.02804750989889726,0.04165220938116331,0.0,0.2035451978445053,-0.23075522400904447,0.20681659195462126,-0.7150366306304932,0.15518522262573242,-0.12560077174566686,0.08135993286769971,-0.21670641005039215,0.13289399445056915,-0.20620221155695617,0.0265226164462571,-0.2644851505756378,-0.15376722812652588,0.07537471852265298,0.08147852282146748,0.0,0.3287585377693176,-0.20097549073398113,0.02504506698135861,-0.25662967562675476,-0.15222956240177155
full_bootstrap__seed_0,45,bootstrapped_n_step,1.0,0.04154755920171738,-0.23043571054069986,1.3291054843001469,3.390114797735175,False,False,True,0.021717793977586553,0.03635927772538483,0.0,0.2035451978445053,-0.20538735075388104,0.1670727665695598,-0.5631682872772217,0.018918044865131378,-0.14057534956373274,0.0659795101455049,-0.21670641005039215,0.13289399445056915,-0.2045981662813574,0.03142878469911858,-0.27429383993148804,-0.15376722812652588,0.05881531213526614,0.06809969037870914,0.0,0.3287585377693176,-0.1993906619027257,0.029837705937103023,-0.2688353955745697,-0.15222956240177155
full_bootstrap__seed_0,46,bootstrapped_n_step,1.0,0.051722340285778046,0.21496448394260673,1.3502627803485308,3.6680933916787075,False,False,True,0.01953550733742304,0.029759349595355186,0.0,0.2035451978445053,-0.2328594698337838,0.21575995990525007,-0.7150366306304932,0.15518522262573242,-0.14752118301112205,0.05258769292452255,-0.21670641005039215,0.08578301966190338,-0.20811460143886507,0.031900807468706514,-0.27429383993148804,-0.15992292761802673,0.05529084970476106,0.04787151804499716,0.0,0.3062901496887207,-0.20281203277409077,0.03023650924998369,-0.2688353955745697,-0.15773214399814606
full_bootstrap__seed_0,47,bootstrapped_n_step,1.0,0.04290623217821121,-0.2565857773462714,1.2680499745486504,4.080955857240588,False,False,True,0.01723045331891626,0.027600221608241774,0.0,0.14631175994873047,-0.17462007014546543,0.18302940264357354,-0.5631682872772217,0.15518522262573242,-0.15171052736695856,0.05833266169997196,-0.21379435062408447,0.13289399445056915,-0.20619307132437825,0.027684089367796972,-0.25192707777023315,-0.15376722812652588,0.049241368513321504,0.05672665105843959,0.0,0.3287585377693176,-0.20095189614221454,0.026140379115638372,-0.2444445937871933,-0.15222956240177155
full_bootstrap__seed_0,48,bootstrapped_n_step,1.0,0.06345245242118835,0.034291610751403696,1.2664161790485102,4.753524797956149,False,False,True,0.013179793546441942,0.015804992048124956,0.0,0.057340290397405624,-0.27115653071086854,0.22329724683575206,-0.7150366306304932,0.15518522262573242,-0.15806819137651473,0.036990647743644356,-0.21593031287193298,-0.06754681468009949,-0.2054642483126372,0.033594754792390165,-0.27429383993148804,-0.15464389324188232,0.04211192228831351,0.028440993883597287,0.0,0.125122532248497,-0.20018011424690485,0.031672195272725044,-0.2688353955745697,-0.15309745073318481
full_bootstrap__seed_0,49,bootstrapped_n_step,1.0,0.05820930004119873,-0.21510642423857654,1.3839827618311518,3.2050973474560798,False,False,True,0.020455005986150354,0.028286973204398547,0.0,0.14631175994873047,-0.18584217596799135,0.21624837420862236,-0.7150366306304932,0.15518522262573242,-0.1346446790266782,0.058309808496867725,-0.21379435062408447,0.13289399445056915,-0.20079222065396607,0.025194867549167627,-0.25192707777023315,-0.1580677032470703,0.06106062963954173,0.05646604582704654,0.0,0.3287585377693176,-0.19570530811324716,0.02377910950043597,-0.2444445937871933,-0.15648703277111053
no_bootstrap__seed_0,0,no_bootstrap,0.0,0.009832534939050674,0.5839552771529913,0.0,0.0,False,False,True,0.012095595098799095,0.029565792189373608,0.0,0.2156330794095993,0.016524297185242176,0.11708779323538332,-0.2511170506477356,0.2774011492729187,0.04087680333759636,0.05405803018144011,0.0,0.2541850507259369,-0.20001296093687415,0.026648068781426806,-0.2520246207714081,-0.15001270174980164,0.04087680333759636,0.05405803018144011,0.0,0.2541850507259369,0.0,0.0,-0.0,-0.0
no_bootstrap__seed_0,1,no_bootstrap,0.0,0.03201877325773239,-0.35946691287465077,0.0,0.0,False,False,True,0.014281131065217778,0.026034730389809264,0.0,0.13150127232074738,-0.041825386811979115,0.13118021953116987,-0.2744610905647278,0.17039412260055542,0.0433237926044967,0.05175779423487494,0.0,0.186726376414299,-0.20644490118138492,0.030345288132549716,-0.2754158079624176,-0.1469888985157013,0.0433237926044967,0.05175779423487494,0.0,0.186726376414299,0.0,0.0,-0.0,-0.0
no_bootstrap__seed_0,2,no_bootstrap,0.0,0.009255499579012394,0.6422618930454036,0.0,0.0,False,False,True,0.02212100845645182,0.039905440117387204,0.0,0.2156330794095993,0.03477813850622624,0.12006131354894607,-0.2511170506477356,0.2774011492729187,0.06262798703392036,0.07375767641795854,0.0,0.2541850507259369,-0.20681309630163014,0.028260399324724496,-0.2520246207714081,-0.14982634782791138,0.06262798703392036,0.07375767641795854,0.0,0.2541850507259369,0.0,0.0,-0.0,-0.0
no_bootstrap__seed_0,3,no_bootstrap,0.0,0.015449263155460358,0.27016502705177803,0.0,0.0,False,False,True,0.008615857572294772,0.01638914660204702,0.0,0.05797232687473297,-0.030984497745521367,0.11564006354621469,-0.2511170506477356,0.11004894226789474,0.024042459874181077,0.036214639656185384,0.0,0.14675204455852509,-0.19686234719119966,0.02460324541444713,-0.2304365634918213,-0.1469888985157013,0.024042459874181077,0.036214639656185384,0.0,0.14675204455852509,0.0,0.0,-0.0,-0.0
no_bootstrap__seed_0,4,no_bootstrap,0.0,0.019677288830280304,0.31886969053943487,0.0,0.0,False,False,True,0.01874505972955376,0.03421914132698587,0.0,0.2156330794095993,-0.0032282208558171988,0.13372503935122357,-0.2744610905647278,0.2774011492729187,0.05241942754946649,0.0653671327632249,0.0,0.2541850507259369,-0.20821675565093756,0.024210126600747284,-0.2754158079624176,-0.14982634782791138,0.05241942754946649,0.0653671327632249,0.0,0.2541850507259369,0.0,0.0,-0.0,-0.0
no_bootstrap__seed_0,5,no_bootstrap,0.0,0.04712846875190735,-0.15144795105790462,0.0,0.0,False,False,True,0.014065511641092598,0.025673370737673642,0.0,0.13150127232074738,-0.08085362019483,0.16458656420161832,-0.2744610905647278,0.38880056142807007,0.04179149025003426,0.050035215965296954,0.0,0.186726376414299,-0.20736674265936017,0.029462444505298644,-0.2754158079624176,-0.1469888985157013,0.04179149025003426,0.050035215965296954,0.0,0.186726376414299,0.0,0.0,-0.0,-0.0
no_bootstrap__seed_0,6,no_bootstrap,0.0,0.03229597210884094,0.3785316990267197,0.0,0.0,False,False,True,0.026576462492812425,0.04787660482836125,0.0,0.2156330794095993,0.025996753363870084,0.1856839090415954,-0.2744610905647278,0.38880056142807007,0.07609933000640012,0.08601892251328044,0.0,0.2541850507259369,-0.20435040653683245,0.026373466831934308,-0.2754158079624176,-0.1469888985157013,0.07609933000640012,0.08601892251328044,0.0,0.2541850507259369,0.0,0.0,-0.0,-0.0
no_bootstrap__seed_0,7,no_bootstrap,0.0,0.0366787351667881,0.07202074244617984,0.0,0.0,False,False,True,0.02837774364161305,0.04346368304956675,0.0,0.2156330794095993,0.036520492634736,0.17531618050604084,-0.2744610905647278,0.38880056142807007,0.07672941847704351,0.07960131468220967,0.0,0.2541850507259369,-0.2022479025181383,0.027271933602865676,-0.2754158079624176,-0.1469888985157013,0.07672941847704351,0.07960131468220967,0.0,0.2541850507259369,0.0,0.0,-0.0,-0.0
no_bootstrap__seed_0,8,no_bootstrap,0.0,0.015204343944787979,-0.00867072137799822,0.0,0.0,False,False,True,0.011290832335362211,0.016347960453262193,0.0,0.040538232773542404,-0.001334627391770482,0.11298219611904001,-0.2511170506477356,0.17039412260055542,0.031248773710103706,0.03615053298604358,0.0,0.131869837641716,-0.20246397168375552,0.02533378670174012,-0.2520246207714081,-0.1469888985157013,0.031248773710103706,0.03615053298604358,0.0,0.131869837641716,0.0,0.0,-0.0,-0.0
no_bootstrap__seed_0,9,no_bootstrap,0.0,0.006069154478609562,0.3299803565120353,0.0,0.0,False,False,True,0.019009742070920765,0.022842770839425684,0.0,0.05797232687473297,0.02728786855004728,0.0745920115753241,-0.18044143915176392,0.10787885636091232,0.045259079546667635,0.05268640516283074,0.0,0.18178711831569672,-0.19602845585905015,0.024198994230194323,-0.2520246207714081,-0.15001270174980164,0.045259079546667635,0.05268640516283074,0.0,0.18178711831569672,0.0,0.0,-0.0,-0.0
no_bootstrap__seed_0,10,no_bootstrap,0.0,0.01958785206079483,0.3209593234143793,0.0,0.0,False,False,True,0.023145861574448645,0.03197276895665875,0.0,0.2156330794095993,0.022408066783100367,0.1409513770709194,-0.2511170506477356,0.38880056142807007,0.059604161710012704,0.0648263945770913,0.0,0.2541850507259369,-0.20316754840314388,0.022559260973811984,-0.234289288520813,-0.1469888985157013,0.059604161710012704,0.0648263945770913,0.0,0.2541850507259369,0.0,0.0,-0.0,-0.0
no_bootstrap__seed_0,11,no_bootstrap,0.0,0.006373017095029354,0.5329427535981618,0.0,0.0,False,False,True,0.012560453586047515,0.029794510768603656,0.0,0.2156330794095993,0.037964973365888,0.0938735563246132,-0.1495252251625061,0.2774011492729187,0.037251697067404166,0.05797829547389093,0.0,0.2541850507259369,-0.19627182418480515,0.027476712971021108,-0.2520246207714081,-0.14982634782791138,0.037251697067404166,0.05797829547389093,0.0,0.2541850507259369,0.0,0.0,-0.0,-0.0
no_bootstrap__seed_0,12,no_bootstrap,0.0,0.02092732861638069,0.46265075530167826,0.0,0.0,False,False,True,0.013028532994212583,0.01824459643812546,0.0,0.05797232687473297,0.03490560210775584,0.15791403432244216,-0.18044143915176392,0.38880056142807007,0.0352130236569792,0.03661708037856901,0.0,0.14675204455852509,-0.2085226154886186,0.022494241211867813,-0.23640850186347961,-0.14982634782791138,0.0352130236569792,0.03661708037856901,0.0,0.14675204455852509,0.0,0.0,-0.0,-0.0
no_bootstrap__seed_0,13,no_bootstrap,0.0,0.00811501033604145,0.16069738877038858,0.0,0.0,False,False,True,0.011468677141238004,0.01789401337405202,0.0,0.05593906342983246,0.004968273104168475,0.08176695410340118,-0.2511170506477356,0.11004894226789474,0.03313750817324035,0.04157075669648037,0.0,0.18178711831569672,-0.1993390116840601,0.027785204123248086,-0.2520246207714081,-0.14982634782791138,0.03313750817324035,0.04157075669648037,0.0,0.18178711831569672,0.0,0.0,-0.0,-0.0
no_bootstrap__seed_0,14,no_bootstrap,0.0,0.014312686398625374,0.6122702211025208,0.0,0.0,False,False,True,0.023023899499094114,0.046223730365119196,0.0,0.2156330794095993,0.04088497383054346,0.14693374192849593,-0.2511170506477356,0.2774011492729187,0.06826540903421119,0.08178745997257096,0.0,0.2541850507259369,-0.20325092831626534,0.02288204427703824,-0.2520246207714081,-0.1469888985157013,0.06826540903421119,0.08178745997257096,0.0,0.2541850507259369,0.0,0.0,-0.0,-0.0
no_bootstrap__seed_0,15,no_bootstrap,0.0,0.05348057299852371,-0.0012050699849804163,0.0,0.0,False,False,True,0.018688026088057086,0.02343422469395303,0.0,0.13150127232074738,0.06216058216523379,0.22585073845467488,-0.2744610905647278,0.38880056142807007,0.04842408452532254,0.04751278808499826,0.0,0.186726376414299,-0.20870242081582546,0.026580103785823476,-0.2754158079624176,-0.1469888985157013,0.04842408452532254,0.04751278808499826,0.0,0.186726376414299,0.0,0.0,-0.0,-0.0
no_bootstrap__seed_0,16,no_bootstrap,0.0,0.04852589592337608,0.09471371708951548,0.0,0.0,False,False,True,0.03170474371290766,0.03759722934208197,0.0,0.2156330794095993,-0.05037505517248064,0.16707281883088343,-0.2744610905647278,0.2774011492729187,0.08460791179095395,0.06723001030594951,0.0,0.2541850507259369,-0.20550928148441017,0.029917460881307922,-0.2754158079624176,-0.1469888985157013,0.08460791179095395,0.06723001030594951,0.0,0.2541850507259369,0.0,0.0,-0.0,-0.0
no_bootstrap__seed_0,17,no_bootstrap,0.0,0.03063780814409256,0.037242436974876954,0.0,0.0,False,False,True,0.02147446377784945,0.036630467724943036,0.0,0.2156330794095993,0.020747477770783007,0.15862522054163072,-0.2744610905647278,0.38880056142807007,0.06436880302499048,0.06597360547828758,0.0,0.2541850507259369,-0.20351429539732635,0.02813218076945998,-0.2754158079624176,-0.14982634782791138,0.06436880302499048,0.06597360547828758,0.0,0.2541850507259369,0.0,0.0,-0.0,-0.0
no_bootstrap__seed_0,18,no_bootstrap,0.0,0.018764622509479523,-0.14121617767662142,0.0,0.0,False,False,True,0.01943656537332572,0.023833251150793783,0.0,0.13150127232074738,-0.008483810466714203,0.10398394022827272,-0.2744610905647278,0.17039412260055542,0.053835423779673874,0.05076729872361683,0.0,0.186726376414299,-0.208170082885772,0.028511334096646808,-0.2754158079624176,-0.1469888985157013,0.053835423779673874,0.05076729872361683,0.0,0.186726376414299,0.0,0.0,-0.0,-0.0
no_bootstrap__seed_0,19,no_bootstrap,0.0,0.01669265888631344,0.5442087004298021,0.0,0.0,False,False,True,0.019818203756585717,0.03926634349980682,0.0,0.2156330794095993,0.009999905712902546,0.1429855963203077,-0.2511170506477356,0.2774011492729187,0.05776916726608761,0.07324284306569938,0.0,0.2541850507259369,-0.20143981161527336,0.026498419074019796,-0.2520246207714081,-0.1469888985157013,0.05776916726608761,0.07324284306569938,0.0,0.2541850507259369,0.0,0.0,-0.0,-0.0
no_bootstrap__seed_0,20,no_bootstrap,0.0,0.016573823988437653,0.3495599639893398,0.0,0.0,False,False,True,0.01764325497788377,0.021799088905495933,0.0,0.05797232687473297,-0.026293723727576435,0.11723885240840655,-0.2511170506477356,0.17039412260055542,0.04033389626420103,0.04929830841113973,0.0,0.18178711831569672,-0.20075576449744403,0.02546180927066254,-0.2520246207714081,-0.1469888985157013,0.04033389626420103,0.04929830841113973,0.0,0.18178711831569672,0.0,0.0,-0.0,-0.0
no_bootstrap__seed_0,21,no_bootstrap,0.0,0.02650502137839794,0.2782499709683608,0.0,0.0,False,False,True,0.014727795933140442,0.03308750254385467,0.0,0.2156330794095993,-0.017015546676702797,0.1547629999625341,-0.2744610905647278,0.2774011492729187,0.046906721690902486,0.06100111542864103,0.0,0.2541850507259369,-0.1983680792618543,0.02628723267837977,-0.2754158079624176,-0.15001270174980164,0.046906721690902486,0.06100111542864103,0.0,0.2541850507259369,0.0,0.0,-0.0,-0.0
no_bootstrap__seed_0,22,no_bootstrap,0.0,0.03408833593130112,-0.3338478504595064,0.0,0.0,False,False,True,0.01330668420996517,0.02589512037034019,0.0,0.13150127232074738,-0.00901915249414742,0.15358238366864993,-0.2744610905647278,0.38880056142807007,0.03886712295934558,0.05282596879955553,0.0,0.186726376414299,-0.19977508671581745,0.03087892487955889,-0.2754158079624176,-0.14982634782791138,0.03886712295934558,0.05282596879955553,0.0,0.186726376414299,0.0,0.0,-0.0,-0.0
no_bootstrap__seed_0,23,no_bootstrap,0.0,0.03851767256855965,-0.608712845195199,0.0,0.0,False,False,True,0.014868231286527589,0.02947435540999231,0.0,0.13150127232074738,-0.05221283354330808,0.128577630025103,-0.2744610905647278,0.17039412260055542,0.04350980406161398,0.05938611255879357,0.0,0.186726376414299,-0.20696677453815937,0.03193143434658213,-0.2754158079624176,-0.1469888985157013,0.04350980406161398,0.05938611255879357,0.0,0.186726376414299,0.0,0.0,-0.0,-0.0
no_bootstrap__seed_0,24,no_bootstrap,0.0,0.032097090035676956,0.03252613912842496,0.0,0.0,False,False,True,0.01947475949418731,0.03614084413276557,0.0,0.2156330794095993,-0.05216000392101705,0.12732786383003317,-0.2744610905647278,0.2774011492729187,0.05548323510447517,0.06982852799698197,0.0,0.2541850507259369,-0.20621864451095462,0.03336462878054535,-0.2754158079624176,-0.1469888985157013,0.05548323510447517,0.06982852799698197,0.0,0.2541850507259369,0.0,0.0,-0.0,-0.0
no_bootstrap__seed_0,25,no_bootstrap,0.0,0.03217007964849472,0.14881009896185568,0.0,0.0,False,False,True,0.018686644529225305,0.043845585974916786,0.0,0.2156330794095993,-0.00022636621724814177,0.16179205124320317,-0.2744610905647278,0.2774011492729187,0.05514984283945523,0.08329246481185741,0.0,0.2541850507259369,-0.19691986171528697,0.028102096649122423,-0.2754158079624176,-0.1469888985157013,0.05514984283945523,0.08329246481185741,0.0,0.2541850507259369,0.0,0.0,-0.0,-0.0
no_bootstrap__seed_0,26,no_bootstrap,0.0,0.025933239609003067,0.44067581844007697,0.0,0.0,False,False,True,0.015499569854000583,0.04155691642171219,0.0,0.2156330794095993,-0.031576432287693024,0.15642444555199606,-0.2744610905647278,0.2774011492729187,0.04677026518038474,0.07777065128524822,0.0,0.2541850507259369,-0.2053527443204075,0.02552834957039417,-0.2754158079624176,-0.15585288405418396,0.04677026518038474,0.07777065128524822,0.0,0.2541850507259369,0.0,0.0,-0.0,-0.0
no_bootstrap__seed_0,27,no_bootstrap,0.0,0.03808201849460602,0.10803998071087258,0.0,0.0,False,False,True,0.02541903598466888,0.043506558456242204,0.0,0.2156330794095993,0.021249348297715187,0.179950999011489,-0.2744610905647278,0.38880056142807007,0.07042567251482978,0.07993432030828987,0.0,0.2541850507259369,-0.20529240812174976,0.0278453662440582,-0.2754158079624176,-0.1469888985157013,0.07042567251482978,0.07993432030828987,0.0,0.2541850507259369,0.0,0.0,-0.0,-0.0
no_bootstrap__seed_0,28,no_bootstrap,0.0,0.016734765842556953,0.3629947170494939,0.0,0.0,False,False,True,0.011276336561422795,0.018140257719390197,0.0,0.05797232687473297,0.010518535505980253,0.13659275389272144,-0.2511170506477356,0.38880056142807007,0.029181368387071416,0.03589649913255984,0.0,0.14675204455852509,-0.20282496698200703,0.027494931173265433,-0.2520246207714081,-0.14982634782791138,0.029181368387071416,0.03589649913255984,0.0,0.14675204455852509,0.0,0.0,-0.0,-0.0
no_bootstrap__seed_0,29,no_bootstrap,0.0,0.02717134729027748,0.29714316967684445,0.0,0.0,False,False,True,0.01933066447963938,0.04178869137545322,0.0,0.2156330794095993,0.023237449349835515,0.1666381505904899,-0.2744610905647278,0.38880056142807007,0.05598409869708121,0.07748869518475948,0.0,0.2541850507259369,-0.20016304054297507,0.02717932502097994,-0.2754158079624176,-0.1469888985157013,0.05598409869708121,0.07748869518475948,0.0,0.2541850507259369,0.0,0.0,-0.0,-0.0
no_bootstrap__seed_0,30,no_bootstrap,0.0,0.009922432713210583,0.20316865252631475,0.0,0.0,False,False,True,0.016524118575034663,0.020594880038639546,0.0,0.05797232687473297,0.02029280469287187,0.09552139417307069,-0.2511170506477356,0.11004894226789474,0.04465444965171628,0.04351579588890684,0.0,0.18178711831569672,-0.19561912980861962,0.022778025436237734,-0.2520246207714081,-0.1469888985157013,0.04465444965171628,0.04351579588890684,0.0,0.18178711831569672,0.0,0.0,-0.0,-0.0
no_bootstrap__seed_0,31,no_bootstrap,0.0,0.0130503810942173,0.6273606547238019,0.0,0.0,False,False,True,0.020412993180798367,0.03980301741195121,0.0,0.2156330794095993,0.01394265191629529,0.1353015055903335,-0.18044143915176392,0.2774011492729187,0.056962255388498306,0.07496855608897929,0.0,0.2541850507259369,-0.20432939031161368,0.025131100184220042,-0.2520246207714081,-0.1469888985157013,0.056962255388498306,0.07496855608897929,0.0,0.2541850507259369,0.0,0.0,-0.0,-0.0
no_bootstrap__seed_0,32,no_bootstrap,0.0,0.022363703697919846,0.3378356334176752,0.0,0.0,False,False,True,0.01663415302755311,0.030220433684079034,0.0,0.2156330794095993,0.001054164138622582,0.15097682386193192,-0.18044143915176392,0.38880056142807007,0.047177940112305805,0.05762695565551254,0.0,0.2541850507259369,-0.19996470864862204,0.027492069420940773,-0.2520246207714081,-0.1469888985157013,0.047177940112305805,0.05762695565551254,0.0,0.2541850507259369,0.0,0.0,-0.0,-0.0
no_bootstrap__seed_0,33,no_bootstrap,0.0,0.020763877779245377,-0.004193164998855836,0.0,0.0,False,False,True,0.021264117473037913,0.02554590356975527,0.0,0.13150127232074738,-0.014843430486507714,0.11134975956077986,-0.2744610905647278,0.17039412260055542,0.05370437150122598,0.06008493202840106,0.0,0.186726376414299,-0.2035933593288064,0.027323453306354113,-0.2754158079624176,-0.14982634782791138,0.05370437150122598,0.06008493202840106,0.0,0.186726376414299,0.0,0.0,-0.0,-0.0
no_bootstrap__seed_0,34,no_bootstrap,0.0,0.01222158782184124,0.2792334194283427,0.0,0.0,False,False,True,0.008616750623332337,0.015534447134923593,0.0,0.05593906342983246,-0.03122381411958486,0.09776825245794642,-0.2511170506477356,0.11004894226789474,0.02661982356221415,0.03519766640084938,0.0,0.18178711831569672,-0.20044283429160714,0.030355208988950888,-0.2520246207714081,-0.14982634782791138,0.02661982356221415,0.03519766640084938,0.0,0.18178711831569672,0.0,0.0,-0.0,-0.0
no_bootstrap__seed_0,35,no_bootstrap,0.0,0.022740015760064125,0.0738991765652725,0.0,0.0,False,False,True,0.015097205498022959,0.01883544027252206,0.0,0.05797232687473297,-0.0023413944290950894,0.14237172154039113,-0.2511170506477356,0.38880056142807007,0.03767393439193256,0.04182255695554431,0.0,0.18178711831569672,-0.20483058411628008,0.025041484249953772,-0.23640850186347961,-0.1469888985157013,0.03767393439193256,0.04182255695554431,0.0,0.18178711831569672,0.0,0.0,-0.0,-0.0
no_bootstrap__seed_0,36,no_bootstrap,0.0,0.04287843778729439,0.2201256847477109,0.0,0.0,False,False,True,0.030617386219091713,0.04566907396773886,0.0,0.2156330794095993,-0.021029206574894488,0.17773466988404618,-0.2744610905647278,0.2774011492729187,0.08353059212095104,0.08256076683001652,0.0,0.2541850507259369,-0.20687243808060884,0.028268557266748474,-0.2754158079624176,-0.15585288405418396,0.08353059212095104,0.08256076683001652,0.0,0.2541850507259369,0.0,0.0,-0.0,-0.0
no_bootstrap__seed_0,37,no_bootstrap,0.0,0.033899448812007904,-0.20314903239976487,0.0,0.0,False,False,True,0.01594777451828122,0.026808450969156822,0.0,0.13150127232074738,-0.04990228172391653,0.13768163777974343,-0.2744610905647278,0.17039412260055542,0.045687304402235895,0.05319760327200789,0.0,0.186726376414299,-0.2050716627854854,0.030132651182556747,-0.2754158079624176,-0.14982634782791138,0.045687304402235895,0.05319760327200789,0.0,0.186726376414299,0.0,0.0,-0.0,-0.0
no_bootstrap__seed_0,38,no_bootstrap,0.0,0.02911505475640297,0.025200732071765312,0.0,0.0,False,False,True,0.012800997326849028,0.02166881509618233,0.0,0.13150127232074738,-0.06608153448905796,0.12730400744037618,-0.2744610905647278,0.11004894226789474,0.04008967071422376,0.04378783255016843,0.0,0.186726376414299,-0.20238786353729665,0.027961312488430614,-0.2754158079624176,-0.1469888985157013,0.04008967071422376,0.04378783255016843,0.0,0.186726376414299,0.0,0.0,-0.0,-0.0
no_bootstrap__seed_0,39,no_bootstrap,0.0,0.034417420625686646,-0.11400313836198088,0.0,0.0,False,False,True,0.018404881266178563,0.023042405653358005,0.0,0.13150127232074738,-0.03711247898172587,0.15135709482169338,-0.2744610905647278,0.38880056142807007,0.04830006920383312,0.04990796991717888,0.0,0.186726376414299,-0.20002961507998407,0.02998768660122601,-0.2754158079624176,-0.1469888985157013,0.04830006920383312,0.04990796991717888,0.0,0.186726376414299,0.0,0.0,-0.0,-0.0
no_bootstrap__seed_0,40,no_bootstrap,0.0,0.033911678940057755,-0.03673814714333808,0.0,0.0,False,False,True,0.01645351987099275,0.03670191739482513,0.0,0.2156330794095993,0.02366527495905757,0.16581620793375432,-0.2744610905647278,0.38880056142807007,0.04661052336450666,0.07089711496630428,0.0,0.2541850507259369,-0.19691112427972257,0.027374758277287005,-0.2754158079624176,-0.15001270174980164,0.04661052336450666,0.07089711496630428,0.0,0.2541850507259369,0.0,0.0,-0.0,-0.0
no_bootstrap__seed_0,41,no_bootstrap,0.0,0.0272684209048748,0.04049785590586451,0.0,0.0,False,False,True,0.011302522529149428,0.02158046106861654,0.0,0.13150127232074738,-0.0061441377038136125,0.15559337861935,-0.2744610905647278,0.38880056142807007,0.036065466731088236,0.042594130108930095,0.0,0.186726376414299,-0.20267050620168447,0.027611699951946896,-0.2754158079624176,-0.15585288405418396,0.036065466731088236,0.042594130108930095,0.0,0.186726376414299,0.0,0.0,-0.0,-0.0
no_bootstrap__seed_0,42,no_bootstrap,0.0,0.03545545041561127,-0.32200878970533386,0.0,0.0,False,False,True,0.020976026047719643,0.027328496221854303,0.0,0.13150127232074738,-0.025061539723537862,0.14211673865880062,-0.2744610905647278,0.38880056142807007,0.05587539667612873,0.058168553353549,0.0,0.186726376414299,-0.20365623570978642,0.033275540410698544,-0.2754158079624176,-0.1469888985157013,0.05587539667612873,0.058168553353549,0.0,0.186726376414299,0.0,0.0,-0.0,-0.0
no_bootstrap__seed_0,43,no_bootstrap,0.0,0.02613076940178871,0.3144087424698084,0.0,0.0,False,False,True,0.021092189650516957,0.041484645556117014,0.0,0.2156330794095993,0.030083440826274455,0.1645937304108048,-0.2744610905647278,0.38880056142807007,0.06451753203873523,0.07481480935075695,0.0,0.2541850507259369,-0.1980615456122905,0.02645955355920578,-0.2754158079624176,-0.1469888985157013,0.06451753203873523,0.07481480935075695,0.0,0.2541850507259369,0.0,0.0,-0.0,-0.0
no_bootstrap__seed_0,44,no_bootstrap,0.0,0.03304905444383621,-0.13553278843225186,0.0,0.0,False,False,True,0.010073135228594765,0.021477363658751407,0.0,0.13150127232074738,-0.03446309128776193,0.15785120134767003,-0.2744610905647278,0.38880056142807007,0.028474559483584017,0.04663986066955933,0.0,0.186726376414299,-0.20193918328732252,0.026963268572971818,-0.2754158079624176,-0.14982634782791138,0.028474559483584017,0.04663986066955933,0.0,0.186726376414299,0.0,0.0,-0.0,-0.0
no_bootstrap__seed_0,45,no_bootstrap,0.0,0.03773981332778931,0.039571084746230244,0.0,0.0,False,False,True,0.021991715562762693,0.0369789784053161,0.0,0.2156330794095993,0.013606355874799192,0.17758894470664305,-0.2744610905647278,0.38880056142807007,0.06272250198526308,0.0689867915680976,0.0,0.2541850507259369,-0.20296888961456716,0.027383725091985073,-0.2754158079624176,-0.15697215497493744,0.06272250198526308,0.0689867915680976,0.0,0.2541850507259369,0.0,0.0,-0.0,-0.0
no_bootstrap__seed_0,46,no_bootstrap,0.0,0.023547150194644928,-0.020862004581682234,0.0,0.0,False,False,True,0.020052876352565363,0.024532730640238604,0.0,0.13150127232074738,-0.00045679486356675625,0.13383715646141592,-0.2744610905647278,0.38880056142807007,0.05175217433134094,0.05121514256401779,0.0,0.186726376414299,-0.2019095418509096,0.028357144520735646,-0.2754158079624176,-0.1469888985157013,0.05175217433134094,0.05121514256401779,0.0,0.186726376414299,0.0,0.0,-0.0,-0.0
no_bootstrap__seed_0,47,no_bootstrap,0.0,0.015499092638492584,0.5480567175167391,0.0,0.0,False,False,True,0.013474036328261718,0.030394372913223902,0.0,0.2156330794095993,-0.011637474060989916,0.13390812067004063,-0.2511170506477356,0.2774011492729187,0.04082056615152396,0.0591821129979297,0.0,0.2541850507259369,-0.2030424748081714,0.02515701923139297,-0.2520246207714081,-0.14982634782791138,0.04082056615152396,0.0591821129979297,0.0,0.2541850507259369,0.0,0.0,-0.0,-0.0
no_bootstrap__seed_0,48,no_bootstrap,0.0,0.021086091175675392,-0.1400766998677953,0.0,0.0,False,False,True,0.018370689445873722,0.02395338175500184,0.0,0.13150127232074738,-0.01819081383291632,0.11163280871218965,-0.2744610905647278,0.17039412260055542,0.049370749009540305,0.04996896026987054,0.0,0.186726376414299,-0.20491233537904918,0.028289843483299045,-0.2754158079624176,-0.1469888985157013,0.049370749009540305,0.04996896026987054,0.0,0.186726376414299,0.0,0.0,-0.0,-0.0
no_bootstrap__seed_0,49,no_bootstrap,0.0,0.018655505031347275,0.23276464406519734,0.0,0.0,False,False,True,0.015460263355635107,0.03382638309542426,0.0,0.2156330794095993,0.009205755777657032,0.1304132938690341,-0.2744610905647278,0.2774011492729187,0.04426658927695826,0.06696270162435314,0.0,0.2541850507259369,-0.20187355298548937,0.02632031840889238,-0.2754158079624176,-0.14982634782791138,0.04426658927695826,0.06696270162435314,0.0,0.2541850507259369,0.0,0.0,-0.0,-0.0
weak_bootstrap_025__seed_0,0,weighted_bootstrap,0.25,0.07621531933546066,0.14691162364947657,0.7149426678538541,0.5320256316915252,False,False,True,0.03058615859481506,0.06035590093158047,0.0,0.3237389326095581,-0.0712297442369163,0.24212491068841274,-0.6854860186576843,0.2983153462409973,0.040925174980657175,0.11480109691083093,-0.054099421948194504,0.43262431025505066,-0.19088005158118904,0.030715902330409103,-0.2884228527545929,-0.14888642728328705,0.08745175515650772,0.11898477398599339,0.0,0.49892398715019226,-0.04652657971018925,0.007417462201481926,-0.06996410340070724,-0.03581272065639496
weak_bootstrap_025__seed_0,1,weighted_bootstrap,0.25,0.08231376111507416,0.016903796234072718,0.9382539799271957,0.7971759270847101,False,False,True,0.020547877356875688,0.048662682897041544,0.0,0.3237389326095581,-0.05427398160099983,0.26382353863860886,-0.6854860186576843,0.2809305787086487,0.012198610929772258,0.09563075988449805,-0.052580028772354126,0.37737101316452026,-0.19670838094316423,0.03491704328704203,-0.2800750136375427,-0.14888642728328705,0.06014386180322617,0.09713220357371621,0.0,0.42921683192253113,-0.04794525052420795,0.0084359473565639,-0.06862538307905197,-0.03581272065639496
weak_bootstrap_025__seed_0,2,weighted_bootstrap,0.25,0.1257089227437973,0.2582233874254476,0.8358690321271598,0.5423353653120553,False,False,True,0.027509792911587283,0.055891055185553526,0.0,0.3237389326095581,-0.16003961861133575,0.3035159568043236,-0.6854860186576843,0.12032513320446014,0.03774737048661336,0.10307163030391828,-0.053058918565511703,0.37737101316452026,-0.18350137979723513,0.027748183391187703,-0.2503562271595001,-0.1491270810365677,0.08247824216959998,0.1068651393657628,0.0,0.42921683192253113,-0.044730871624778956,0.006718655270509109,-0.06073009967803955,-0.03581272065639496
weak_bootstrap_025__seed_0,3,weighted_bootstrap,0.25,0.02680235542356968,0.2071956463253177,1.096894085238837,0.8907800001444736,False,False,True,0.017752048559486866,0.04191082903912814,0.0,0.31906700134277344,0.036298499908298254,0.15690854763735337,-0.23406143486499786,0.2983153462409973,0.005831482965731993,0.08058128049477839,-0.052580028772354126,0.36539751291275024,-0.1950974005740136,0.02589661273804722,-0.2503562271595001,-0.15329577028751373,0.05339213801198639,0.08265196451331702,0.0,0.4229487478733063,-0.0475606553372927,0.006290819182540787,-0.06073009967803955,-0.03756129741668701
weak_bootstrap_025__seed_0,4,weighted_bootstrap,0.25,0.0282527394592762,0.1660329656638668,0.5505096856494476,0.43191859936251636,False,False,True,0.04246939087170176,0.0786371082627702,0.0,0.3237389326095581,0.031053963117301464,0.1021748617397762,-0.13683195412158966,0.2809305787086487,0.06770193119882606,0.14641613948355287,-0.054099421948194504,0.43262431025505066,-0.2112338214647025,0.03276702488645289,-0.2884228527545929,-0.14923645555973053,0.11917647553491406,0.14974651154808483,0.0,0.49892398715019226,-0.051474543870426714,0.007842588986607696,-0.06996410340070724,-0.03656666353344917
weak_bootstrap_025__seed_0,5,weighted_bootstrap,0.25,0.03883011266589165,0.050443563244676096,0.6355327988794158,0.5346511442412332,False,False,True,0.03852586401626468,0.07438211241102653,0.0,0.3237389326095581,0.008390594273805618,0.13427309267934337,-0.23406143486499786,0.2809305787086487,0.04606145212892443,0.14615625258063816,-0.054099421948194504,0.43262431025505066,-0.21720258356072009,0.040745729326055795,-0.2884228527545929,-0.14923645555973053,0.09898264589719474,0.15167053866617738,0.0,0.49892398715019226,-0.052921193244401366,0.009759389790535157,-0.06996410340070724,-0.03656666353344917
weak_bootstrap_025__seed_0,6,weighted_bootstrap,0.25,0.057844847440719604,0.03910072187698947,0.6832399250335672,0.5447324121102568,False,False,True,0.033487491455161944,0.06624782973352904,0.0,0.3237389326095581,-0.0023731011897325516,0.2038189133876486,-0.6854860186576843,0.2809305787086487,0.041673393483506516,0.12807825291442007,-0.054099421948194504,0.43262431025505066,-0.20457255654037,0.036632477882327784,-0.2884228527545929,-0.14888642728328705,0.09153605785104446,0.1331461913251495,0.0,0.49892398715019226,-0.049862663843669,0.008851510139555156,-0.06996410340070724,-0.03581272065639496
weak_bootstrap_025__seed_0,7,weighted_bootstrap,0.25,0.03127531707286835,0.001681646071671149,0.6181056832213467,0.4661954183120337,False,False,True,0.0353760845027864,0.0715418368661582,0.0,0.3237389326095581,0.07756193215027452,0.11698341613606582,-0.13683195412158966,0.2983153462409973,0.05727762816241011,0.1312645849139918,-0.0523868165910244,0.37737101316452026,-0.20525501784868538,0.03236674027759146,-0.2800750136375427,-0.14888642728328705,0.10730074311140925,0.13367265758811903,0.0,0.42921683192253113,-0.05002311454154551,0.007773516028478828,-0.06862538307905197,-0.03684939071536064
weak_bootstrap_025__seed_0,8,weighted_bootstrap,0.25,0.05428750067949295,0.1197945673104167,0.5552118187072528,0.4604991857524174,False,False,True,0.03474098609876819,0.0699019992016371,0.0,0.3237389326095581,-0.03180635254830122,0.18828222985763154,-0.6854860186576843,0.1761501282453537,0.05560098827118054,0.1307494377113897,-0.053058918565511703,0.37737101316452026,-0.1946636438369751,0.023334751733028614,-0.2367907464504242,-0.14888642728328705,0.10306007851613685,0.1331382056693735,0.0,0.42921683192253113,-0.04745908931363374,0.005706837928815563,-0.05801965296268463,-0.03581272065639496
weak_bootstrap_025__seed_0,9,weighted_bootstrap,0.25,0.08734135329723358,0.19770923324724068,0.4628304141837877,0.33559748658034405,False,False,True,0.0485218278481625,0.07974573250284434,0.0,0.31906700134277344,-0.038709900341928005,0.2541356473485769,-0.6854860186576843,0.2983153462409973,0.09381293458864093,0.13810095273081013,-0.054099421948194504,0.43262431025505066,-0.1943915719166398,0.033528505996313934,-0.2884228527545929,-0.14888642728328705,0.14119895646581426,0.1444546221302966,0.0,0.49892398715019226,-0.0473860222264193,0.008113628382184448,-0.06996410340070724,-0.03581272065639496
weak_bootstrap_025__seed_0,10,weighted_bootstrap,0.25,0.0182681605219841,0.08817135116668072,0.7630324086150369,0.6390780722938827,False,False,True,0.025236403453163803,0.054517303010467644,0.0,0.31906700134277344,-0.006061915308237076,0.08847221836471512,-0.13683195412158966,0.1761501282453537,0.027190095192054287,0.10473358934239597,-0.052462995052337646,0.36539751291275024,-0.1975167312193662,0.0258282718165412,-0.2503562271595001,-0.14923645555973053,0.07533513513044454,0.10653480854226147,0.0,0.4229487478733063,-0.04814504011301324,0.006224680442333499,-0.061092112213373184,-0.03656666353344917
weak_bootstrap_025__seed_0,11,weighted_bootstrap,0.25,0.055425651371479034,0.15326790760155057,0.7187527415709192,0.5291263166063529,False,False,True,0.029511401779018342,0.06175560372976874,0.0,0.3237389326095581,0.014755728654563427,0.22195365726109062,-0.6854860186576843,0.2983153462409973,0.041942607902456075,0.11513772717246934,-0.053058918565511703,0.37737101316452026,-0.19332216819748282,0.026119294397463706,-0.24464625120162964,-0.14888642728328705,0.08907403133343905,0.11714411668797034,0.0,0.42921683192253113,-0.04713142279069871,0.006371623382510413,-0.05875155329704285,-0.03581272065639496
weak_bootstrap_025__seed_0,12,weighted_bootstrap,0.25,0.02659151703119278,0.11540742220220851,0.5484584586077812,0.44351935574555384,False,False,True,0.041284512844868004,0.07898566333844553,0.0,0.3237389326095581,0.04576572263613343,0.08509973870897868,-0.09229440987110138,0.2983153462409973,0.06453474794398062,0.14800121508929626,-0.054099421948194504,0.43262431025505066,-0.2110001549590379,0.028642713321855744,-0.2884228527545929,-0.14923645555973053,0.11596945222117938,0.1514012158255015,0.0,0.49892398715019226,-0.05143470369512215,0.006942662457816107,-0.06996410340070724,-0.03656666353344917
weak_bootstrap_025__seed_0,13,weighted_bootstrap,0.25,0.07225518673658371,0.01610383521708839,1.3546838745792453,0.8849709973685841,False,False,True,0.016245194972725585,0.029526022124130982,0.0,0.21788173913955688,-0.11026344960555434,0.23646016612933973,-0.6854860186576843,0.2983153462409973,0.005800403916509822,0.05752439508987032,-0.053058918565511703,0.2516813576221466,-0.18307759589515626,0.024708004171198058,-0.24464625120162964,-0.14888642728328705,0.050425652792910114,0.057599819038822525,0.0,0.29915088415145874,-0.04462524881819263,0.005965996076849024,-0.05875155329704285,-0.03581272065639496
weak_bootstrap_025__seed_0,14,weighted_bootstrap,0.25,0.05319388955831528,0.12829243886135727,0.5262415718310202,0.43107640092553456,False,False,True,0.03992721260874532,0.07396301966126889,0.0,0.3237389326095581,-0.01832620147615671,0.18390624779476408,-0.6854860186576843,0.1761501282453537,0.06482985321781598,0.13767322031674487,-0.054099421948194504,0.43262431025505066,-0.20150765939615667,0.028970971589548988,-0.2884228527545929,-0.1491270810365677,0.11395177981466986,0.14169773117062404,0.0,0.49892398715019226,-0.04912192624760792,0.007014553737381683,-0.06996410340070724,-0.03581272065639496
weak_bootstrap_025__seed_0,15,weighted_bootstrap,0.25,0.02669753134250641,0.18518522729619796,0.7611865266522182,0.5764275827677637,False,False,True,0.030291912698885426,0.06724646419763176,0.0,0.3237389326095581,0.014427300076931715,0.12486966332938859,-0.23406143486499786,0.2983153462409973,0.037071467959322035,0.12860891198845398,-0.054099421948194504,0.43262431025505066,-0.20700307749211788,0.03551289529929557,-0.2884228527545929,-0.15329577028751373,0.08752098632976413,0.1322334886438849,0.0,0.49892398715019226,-0.05044951767195016,0.008567067540496302,-0.06996410340070724,-0.03756129741668701
weak_bootstrap_025__seed_0,16,weighted_bootstrap,0.25,0.030209124088287354,0.040087375504447846,0.6819190609824518,0.6390695503442524,False,False,True,0.02681710632168688,0.06825885507150571,0.0,0.3237389326095581,0.09546536486595869,0.09874221556472482,-0.13160772621631622,0.2809305787086487,0.029049315344309434,0.1307008768539678,-0.053058918565511703,0.37737101316452026,-0.21099122427403927,0.03354585460968152,-0.2800750136375427,-0.1649044156074524,0.08048453807714395,0.13372081562456256,0.0,0.42921683192253113,-0.0514352229074575,0.008128530320047267,-0.06862538307905197,-0.039601631462574005
weak_bootstrap_025__seed_0,17,weighted_bootstrap,0.25,0.05276462808251381,-0.00208477729938208,0.9716259547756194,0.7173182909922406,False,False,True,0.023060045030433685,0.048693035082095625,0.0,0.31906700134277344,0.026350792031735182,0.2097595915559971,-0.6854860186576843,0.2983153462409973,0.019664361054310575,0.09294910968662018,-0.053058918565511703,0.36539751291275024,-0.20471468777395785,0.032602807762233246,-0.2800750136375427,-0.1491270810365677,0.0695636407181155,0.094429198402208,0.0,0.4229487478733063,-0.0498992798384279,0.007876137026712434,-0.06862538307905197,-0.03581272065639496
weak_bootstrap_025__seed_0,18,weighted_bootstrap,0.25,0.10676664859056473,0.014869036512682007,0.7491332412646955,0.6343846066021236,False,False,True,0.025675514159956947,0.0544733785060852,0.0,0.3237389326095581,-0.07878802344202995,0.29180234286230433,-0.6854860186576843,0.2809305787086487,0.027340962609741837,0.10618921982303697,-0.053058918565511703,0.37737101316452026,-0.19454193394631147,0.029674159436431504,-0.2800750136375427,-0.1491270810365677,0.07478066976182163,0.10732120908875031,0.0,0.42921683192253113,-0.04743970662821084,0.007294734926115869,-0.06862538307905197,-0.03581272065639496
weak_bootstrap_025__seed_0,19,weighted_bootstrap,0.25,0.045382026582956314,0.13191666095057375,0.8861342522113586,0.6741583069552675,False,False,True,0.022728109441231936,0.04937869794010822,0.0,0.3237389326095581,-0.027168563101440668,0.19725144820686769,-0.6854860186576843,0.2983153462409973,0.022626680525718257,0.09436842750481807,-0.053058918565511703,0.37737101316452026,-0.19201855338178575,0.023863201812319046,-0.24464625120162964,-0.1491270810365677,0.0694407426926773,0.0958269502991701,0.0,0.42921683192253113,-0.04681406181771308,0.005826046102752964,-0.05875155329704285,-0.03581272065639496
weak_bootstrap_025__seed_0,20,weighted_bootstrap,0.25,0.06552394479513168,0.167783188004933,0.4341004974440133,0.3490179036161002,False,False,True,0.051104027981637046,0.08847240356824233,0.0,0.3237389326095581,0.005222005769610405,0.20837427663783403,-0.6854860186576843,0.2983153462409973,0.09237660496728495,0.1603830193062121,-0.054099421948194504,0.43262431025505066,-0.2032018075697124,0.038124592423533665,-0.2884228527545929,-0.1491270810365677,0.14190345676615834,0.1672820194941452,0.0,0.49892398715019226,-0.04952685197349638,0.009203579987871515,-0.06996410340070724,-0.03581272065639496
weak_bootstrap_025__seed_0,21,weighted_bootstrap,0.25,0.028946349397301674,0.15227654884742,0.5724782640304417,0.4814461081185595,False,False,True,0.03749472356867045,0.07562764677735678,0.0,0.3237389326095581,0.03056580340489745,0.11149233353567498,-0.13683195412158966,0.2983153462409973,0.05362140430952422,0.14454133583578482,-0.054099421948194504,0.43262431025505066,-0.2042679009027779,0.036787843706409196,-0.2884228527545929,-0.14888642728328705,0.10340567448292859,0.1498152987095844,0.0,0.49892398715019226,-0.049784269416704774,0.008864034343654492,-0.06996410340070724,-0.03656666353344917
weak_bootstrap_025__seed_0,22,weighted_bootstrap,0.25,0.032615307718515396,0.10929524295487016,1.0746168998890462,0.6851836547784711,False,False,True,0.022913092689123005,0.04890254095555434,0.0,0.3237389326095581,0.042070004623383284,0.1645020478892597,-0.23406143486499786,0.2983153462409973,0.022440717526478693,0.0920895422814623,-0.053058918565511703,0.37737101316452026,-0.20042205834761262,0.03458055053994164,-0.2800750136375427,-0.14923645555973053,0.0712819452455733,0.0930441129717531,0.0,0.42921683192253113,-0.04884122736984864,0.008310856778745844,-0.06862538307905197,-0.03656666353344917
weak_bootstrap_025__seed_0,23,weighted_bootstrap,0.25,0.05894184857606888,0.03632564104475778,1.044989396946082,0.8225584255256901,False,False,True,0.02102677707443945,0.048599068831894916,0.0,0.3237389326095581,-0.020976535975933075,0.22475970395023892,-0.6854860186576843,0.2809305787086487,0.010762997320853174,0.09467576469614412,-0.052580028772354126,0.37737101316452026,-0.2047839977312833,0.03874883201974635,-0.2800750136375427,-0.14888642728328705,0.06065661262255162,0.0959561182589616,0.0,0.42921683192253113,-0.0498936150688678,0.009275836720430511,-0.06862538307905197,-0.03581272065639496
weak_bootstrap_025__seed_0,24,weighted_bootstrap,0.25,0.08478060364723206,-0.02207109959050269,1.249651263544742,0.8015984095903664,False,False,True,0.020609002647688612,0.040546350521602145,0.0,0.2359466403722763,-0.023639892227947712,0.2762016367170522,-0.6854860186576843,0.2983153462409973,0.011647760955384001,0.07925732727890912,-0.054099421948194504,0.43262431025505066,-0.19312419439665973,0.03997675375816277,-0.2884228527545929,-0.1491270810365677,0.05870804123696871,0.08290846621967214,0.0,0.49892398715019226,-0.04706028022337705,0.009618278668909092,-0.06996410340070724,-0.03581272065639496
weak_bootstrap_025__seed_0,25,weighted_bootstrap,0.25,0.03740329295396805,-0.01373650675645303,0.7669725501692887,0.5421208754848424,False,False,True,0.03089446108788252,0.06073950481173312,0.0,0.3237389326095581,0.05695415008813143,0.1536314321045553,-0.23406143486499786,0.2983153462409973,0.04154670255957171,0.11437030929304753,-0.054099421948194504,0.43262431025505066,-0.20184707478620112,0.035990459445930774,-0.2884228527545929,-0.14888642728328705,0.09073728049406782,0.11774265791462406,0.0,0.49892398715019226,-0.049190577410627156,0.0086586968969313,-0.06996410340070724,-0.03684939071536064
weak_bootstrap_025__seed_0,26,weighted_bootstrap,0.25,0.03132864087820053,0.14199876211834173,0.6562789744930049,0.5149052586967657,False,False,True,0.03768130179378204,0.06926928718104959,0.0,0.31906700134277344,-0.007781277410686016,0.12247143116864223,-0.23406143486499786,0.2809305787086487,0.04872862788033672,0.1333151709219554,-0.054099421948194504,0.43262431025505066,-0.21228361455723643,0.03662566711989983,-0.2884228527545929,-0.14888642728328705,0.10045178487780504,0.13797031677379426,0.0,0.49892398715019226,-0.05172315705567598,0.008750639010333437,-0.06996410340070724,-0.03656666353344917
weak_bootstrap_025__seed_0,27,weighted_bootstrap,0.25,0.03331688791513443,-0.16354757307935922,0.6031040754001288,0.464330721515963,False,False,True,0.036428698600502685,0.06967420738432868,0.0,0.3237389326095581,0.06960614630952477,0.11019865274516408,-0.13160772621631622,0.2983153462409973,0.05887289668316953,0.1282057328892743,-0.053058918565511703,0.37737101316452026,-0.2093456021975726,0.02937288132214491,-0.2800750136375427,-0.15557953715324402,0.10990531390416436,0.1293623756882729,0.0,0.42921683192253113,-0.051032416813541204,0.0071141484067470786,-0.06862538307905197,-0.03850593417882919
weak_bootstrap_025__seed_0,28,weighted_bootstrap,0.25,0.08418725430965424,0.27388903512134694,0.5988850029578103,0.45808572901897027,False,False,True,0.038010010845027864,0.07512656227107244,0.0,0.3237389326095581,-0.08740857569500804,0.2503880782306394,-0.6854860186576843,0.2983153462409973,0.05769721674732864,0.14027505308966193,-0.054099421948194504,0.43262431025505066,-0.20012555760331452,0.0361238444357393,-0.2884228527545929,-0.14888642728328705,0.10646927630295977,0.14551564716653825,0.0,0.49892398715019226,-0.04877205967204645,0.008701074531411888,-0.06996410340070724,-0.03581272065639496
weak_bootstrap_025__seed_0,29,weighted_bootstrap,0.25,0.0222464632242918,0.22484089239895083,1.1769929934793046,0.8651301275298143,False,False,True,0.017727854108670726,0.042012060899046355,0.0,0.31906700134277344,0.027620216831564903,0.14363933224327263,-0.23406143486499786,0.2983153462409973,0.007447068055626005,0.07973311936872671,-0.052462995052337646,0.36539751291275024,-0.19602635595947504,0.03215662826569027,-0.2800750136375427,-0.14888642728328705,0.0552167518180795,0.08214869276376482,0.0,0.4229487478733063,-0.04776968411169946,0.007711742921741328,-0.06862538307905197,-0.03656666353344917
weak_bootstrap_025__seed_0,30,weighted_bootstrap,0.25,0.049483925104141235,0.10558570200078972,0.6784507269360535,0.5940407286142209,False,False,True,0.025638526683906093,0.06129403003397334,0.0,0.31906700134277344,-0.01620073849335313,0.19604028931617387,-0.6854860186576843,0.2983153462409973,0.03172212099889293,0.11653215362168938,-0.052462995052337646,0.36539751291275024,-0.19039386697113514,0.02527138208020274,-0.2503562271595001,-0.14888642728328705,0.07814114424400032,0.12021873072491528,0.0,0.4229487478733063,-0.04641902359435335,0.00617200790422392,-0.06073009967803955,-0.03581272065639496
weak_bootstrap_025__seed_0,31,weighted_bootstrap,0.25,0.051770150661468506,0.12619236434432218,0.6820585432550897,0.5169823000114332,False,False,True,0.03294195813941769,0.06667331741101468,0.0,0.3237389326095581,-0.000259574968367815,0.20067323606873785,-0.6854860186576843,0.2983153462409973,0.0452325759397354,0.12568349276147062,-0.054099421948194504,0.43262431025505066,-0.1986135768238455,0.03164189387974331,-0.2884228527545929,-0.1491270810365677,0.09364580878173001,0.13020325743495792,0.0,0.49892398715019226,-0.04841323266737163,0.007661555535925992,-0.06996410340070724,-0.03581272065639496
weak_bootstrap_025__seed_0,32,weighted_bootstrap,0.25,0.06107236072421074,0.0655351454596297,0.6690344385989767,0.5720246105865908,False,False,True,0.032127614598721266,0.06622440526491483,0.0,0.3237389326095581,-0.010012803599238396,0.21383314022045932,-0.6854860186576843,0.2983153462409973,0.036777767876628786,0.12957643131212918,-0.054099421948194504,0.43262431025505066,-0.20167650957591832,0.035147022832502914,-0.2884228527545929,-0.1491270810365677,0.08593431260669604,0.13464332756632644,0.0,0.49892398715019226,-0.04915654432261363,0.008483561211228993,-0.06996410340070724,-0.03581272065639496
weak_bootstrap_025__seed_0,33,weighted_bootstrap,0.25,0.045455072075128555,0.12866960313200262,0.9693220804277066,0.6439685949855662,False,False,True,0.02382329569081776,0.04877337601245948,0.0,0.3237389326095581,-0.040301525965332985,0.19287532281490896,-0.6854860186576843,0.2809305787086487,0.02591978362761438,0.09178590422561848,-0.053058918565511703,0.37737101316452026,-0.19233824196271598,0.03051713444891305,-0.2800750136375427,-0.14888642728328705,0.07280197547515854,0.09314270397967632,0.0,0.42921683192253113,-0.0468821914982982,0.007376293687724804,-0.06862538307905197,-0.03581272065639496
weak_bootstrap_025__seed_0,34,weighted_bootstrap,0.25,0.10761124640703201,0.03176884642613554,1.0773479474212788,0.8413947313922896,False,False,True,0.02000602916814387,0.04058492819467206,0.0,0.2359466403722763,-0.0948543450795114,0.303144474208148,-0.6854860186576843,0.2983153462409973,0.008630147436633706,0.08103351469300445,-0.054099421948194504,0.43262431025505066,-0.1877745978999883,0.03219339676004007,-0.2884228527545929,-0.14888642728328705,0.054412802623119205,0.08436473985072257,0.0,0.49892398715019226,-0.04578265512827784,0.007855845137676369,-0.06996410340070724,-0.03581272065639496
weak_bootstrap_025__seed_0,35,weighted_bootstrap,0.25,0.019875265657901764,0.22031278175727717,0.6386977684446373,0.5583491116257623,False,False,True,0.02862217283109203,0.06611406224964193,0.0,0.3237389326095581,-0.00600743293762207,0.08122888176915467,-0.13683195412158966,0.1761501282453537,0.037740636413218454,0.12598599875898628,-0.053058918565511703,0.37737101316452026,-0.19574111024849117,0.027145686777413313,-0.2503562271595001,-0.14888642728328705,0.08545355740352534,0.12886739958213275,0.0,0.42921683192253113,-0.04771292075747624,0.006573184678147564,-0.061092112213373184,-0.03656666353344917
weak_bootstrap_025__seed_0,36,weighted_bootstrap,0.25,0.06428488343954086,0.00797832991519384,0.5480607845062647,0.4006978273515128,False,False,True,0.04450696145067923,0.0778237761225649,0.0,0.3237389326095581,0.042294541373848915,0.20915341810621013,-0.6854860186576843,0.2809305787086487,0.07710277976002544,0.14070431167122113,-0.054099421948194504,0.43262431025505066,-0.21153550874441862,0.038584779277019865,-0.2884228527545929,-0.1491270810365677,0.12865426810458302,0.14436822479380987,0.0,0.49892398715019226,-0.05155148828634992,0.009274606367517944,-0.06996410340070724,-0.03581272065639496
weak_bootstrap_025__seed_0,37,weighted_bootstrap,0.25,0.0572802908718586,0.09109060696242875,0.7646118856132528,0.6159160295637749,False,False,True,0.02753914234926924,0.06145632882353962,0.0,0.3237389326095581,0.005851737689226866,0.21806625305403002,-0.6854860186576843,0.2983153462409973,0.03113991947611794,0.11724183093065951,-0.053058918565511703,0.37737101316452026,-0.2048630176577717,0.03381011228277551,-0.2800750136375427,-0.1491270810365677,0.08107583085075021,0.11931166005626051,0.0,0.42921683192253113,-0.04993591125821695,0.008174110309641143,-0.06862538307905197,-0.03581272065639496
weak_bootstrap_025__seed_0,38,weighted_bootstrap,0.25,0.020458057522773743,-0.006494813144958802,1.076866172560188,1.12514719491476,False,False,True,0.01579868738190271,0.04118037449802569,0.0,0.2359466403722763,0.04894046811386943,0.10287622302436047,-0.13160772621631622,0.2983153462409973,-0.005424733477411792,0.08251484481265495,-0.054099421948194504,0.43262431025505066,-0.20003790291957557,0.03207609897645233,-0.2884228527545929,-0.14888642728328705,0.043346710241166875,0.08636980645206215,0.0,0.49892398715019226,-0.048771443602163345,0.007827070332605802,-0.06996410340070724,-0.03656666353344917
weak_bootstrap_025__seed_0,39,weighted_bootstrap,0.25,0.02801143005490303,0.06447187961091343,0.849891398942182,0.7330000936415629,False,False,True,0.02386947942432016,0.05625641314084224,0.0,0.3237389326095581,0.05108959972858429,0.1289336263420194,-0.13683195412158966,0.2983153462409973,0.01799741678405553,0.110104324755525,-0.054099421948194504,0.43262431025505066,-0.20269745285622776,0.0336544776469408,-0.2884228527545929,-0.14888642728328705,0.06740609387634322,0.11352114724761998,0.0,0.49892398715019226,-0.049408676801249385,0.008138213628307337,-0.06996410340070724,-0.03684939071536064
weak_bootstrap_025__seed_0,40,weighted_bootstrap,0.25,0.041421808302402496,0.08881894740719536,0.5677625968086656,0.42150430804436606,False,False,True,0.042757201968925074,0.07774646276325375,0.0,0.3237389326095581,0.01828508311882615,0.14756245889246075,-0.23406143486499786,0.2983153462409973,0.06965544456033967,0.14417881171656055,-0.054099421948194504,0.43262431025505066,-0.2083081193268299,0.040916226364116084,-0.2884228527545929,-0.14888642728328705,0.12040789789170958,0.14937808203183525,0.0,0.49892398715019226,-0.05075245292391628,0.00980956616585693,-0.06996410340070724,-0.03684939071536064
weak_bootstrap_025__seed_0,41,weighted_bootstrap,0.25,0.049513138830661774,0.07498710769920709,0.7835268111251747,0.5529989653744185,False,False,True,0.03081780334468931,0.06034776447416149,0.0,0.3237389326095581,-0.01808599755167961,0.19067777443836093,-0.6854860186576843,0.2809305787086487,0.039510209986474365,0.1145093696342879,-0.054099421948194504,0.43262431025505066,-0.20054583973251283,0.03383958225159964,-0.2884228527545929,-0.14888642728328705,0.08838954212842509,0.11808634885635878,0.0,0.49892398715019226,-0.04887933161808178,0.008166853401998207,-0.06996410340070724,-0.03581272065639496
weak_bootstrap_025__seed_0,42,weighted_bootstrap,0.25,0.07907333225011826,-0.1772188601138344,2.0137152479044604,1.1755581784272817,False,False,True,0.013143171439878643,0.015284860036460532,0.0,0.041197825223207474,-0.053260478656738997,0.2712864937515222,-0.6854860186576843,0.2983153462409973,-0.0071086005482356995,0.027145113104797055,-0.053058918565511703,0.04180987924337387,-0.1953121479600668,0.03624765318237453,-0.2800750136375427,-0.14888642728328705,0.040491370047675446,0.02576063283283443,0.0,0.07762259989976883,-0.04759997071232647,0.008734145412392655,-0.06862538307905197,-0.03581272065639496
weak_bootstrap_025__seed_0,43,weighted_bootstrap,0.25,0.02235080860555172,-0.11465379610688345,0.9905053262962417,0.6426010873007889,False,False,True,0.026397512439871207,0.048114328892020344,0.0,0.2359466403722763,0.0468154433183372,0.10681771377954814,-0.13683195412158966,0.2983153462409973,0.027687022142345086,0.09131392970192906,-0.054099421948194504,0.43262431025505066,-0.20423976331949234,0.03047865407605471,-0.2884228527545929,-0.14888642728328705,0.07746813559788279,0.09398919147337745,0.0,0.49892398715019226,-0.049781113280914724,0.007342492679785359,-0.06996410340070724,-0.03684939071536064
weak_bootstrap_025__seed_0,44,weighted_bootstrap,0.25,0.03260689601302147,0.053836982563191714,0.6973119097633864,0.5684816350475146,False,False,True,0.032789106626296416,0.0640769797486057,0.0,0.2359466403722763,-0.03524354752153158,0.11423662334463192,-0.23406143486499786,0.2809305787086487,0.038156227295985445,0.12534405947556904,-0.054099421948194504,0.43262431025505066,-0.20625825598835945,0.0373182386666432,-0.2884228527545929,-0.14888642728328705,0.08842319008545019,0.1297970973686085,0.0,0.49892398715019226,-0.050266962382011116,0.008991852133015276,-0.06996410340070724,-0.03684939071536064
weak_bootstrap_025__seed_0,45,weighted_bootstrap,0.25,0.05143226683139801,0.08505267030795434,0.7227520983705505,0.6005143239041731,False,False,True,0.02658118781982921,0.06169526744550616,0.0,0.3237389326095581,0.0017343973740935326,0.2018785471359733,-0.6854860186576843,0.2809305787086487,0.032297288707923144,0.1173603743183051,-0.052462995052337646,0.37737101316452026,-0.1991670597344637,0.03385392396787147,-0.2800750136375427,-0.14888642728328705,0.08084719622274861,0.12011559500142806,0.0,0.42921683192253113,-0.04854990734020248,0.008201395613222591,-0.06862538307905197,-0.03581272065639496
weak_bootstrap_025__seed_0,46,weighted_bootstrap,0.25,0.022851111367344856,0.16279308222434186,0.9224614166171641,0.6765326713755052,False,False,True,0.024676877656020224,0.056266804580688924,0.0,0.31906700134277344,0.05744490958750248,0.12128117614638044,-0.13683195412158966,0.2983153462409973,0.023897937237052247,0.10580421470014272,-0.053058918565511703,0.36539751291275024,-0.20507792476564646,0.031633973391504706,-0.2800750136375427,-0.14923645555973053,0.07388055048068054,0.10846972143414602,0.0,0.4229487478733063,-0.0499826138257049,0.007615828430701605,-0.06862538307905197,-0.03656666353344917
weak_bootstrap_025__seed_0,47,weighted_bootstrap,0.25,0.05109492689371109,0.10336802256571848,0.6050353786717297,0.4924570156234359,False,False,True,0.03676982130855322,0.06981774331296974,0.0,0.3237389326095581,-0.02928024809807539,0.17790497542482564,-0.6854860186576843,0.14347057044506073,0.05060161155415699,0.13415590155678883,-0.054099421948194504,0.43262431025505066,-0.20140028279274702,0.033825000880218975,-0.2884228527545929,-0.14888642728328705,0.09969917556736618,0.13921297976083438,0.0,0.49892398715019226,-0.049097563372924924,0.008213798381540204,-0.06996410340070724,-0.03581272065639496
weak_bootstrap_025__seed_0,48,weighted_bootstrap,0.25,0.07976850122213364,0.07905433972886773,0.8102226967434685,0.7738960700213282,False,False,True,0.021833980397786945,0.056474818640039594,0.0,0.3237389326095581,-0.05613333452492952,0.2592349313395068,-0.6854860186576843,0.2809305787086487,0.014057113585295156,0.11026582740554862,-0.052580028772354126,0.37737101316452026,-0.19738437002524734,0.032764269794767834,-0.2800750136375427,-0.14888642728328705,0.062171081284759566,0.11295655341622855,0.0,0.42921683192253113,-0.04811396775767207,0.007928175965301404,-0.06862538307905197,-0.03581272065639496
weak_bootstrap_025__seed_0,49,weighted_bootstrap,0.25,0.0268756952136755,0.13470652039154635,0.7528231308954642,0.5462111502839112,False,False,True,0.029710450413404033,0.06173694164463374,0.0,0.3237389326095581,0.05108279921114445,0.13252063694249147,-0.23406143486499786,0.2983153462409973,0.04045898516778834,0.1154207770994706,-0.053058918565511703,0.37737101316452026,-0.199803049210459,0.02963511878843453,-0.2800750136375427,-0.14888642728328705,0.08915818473906256,0.11714914852132423,0.0,0.42921683192253113,-0.04869919893098995,0.0071471678076105456,-0.06862538307905197,-0.03656666353344917
