iteration,rollout_cumulative_reward,TotalThroughput,FairIdx,ProbCollision,critic_loss,actor_loss,actor_updated,critic_updates,actor_updates,target_mode,bootstrap_weight,reward_normalization,reward_clip,log_std_schedule,replay_buffer_size
0,0.0,0.019724423065781593,0.250003844499588,0.0,0.5659955739974976,,False,4,0,bootstrapped_n_step,1.0,running_mean_abs,5.0,1.0,1
1,0.07776484017066075,0.06250761449337006,0.4401097893714905,0.0,0.7209542989730835,,False,4,0,bootstrapped_n_step,1.0,running_mean_abs,5.0,0.8947368421052632,2
2,0.04105234162104234,0.040964748710393906,0.4993186891078949,0.0,1.586425542831421,,False,4,0,bootstrapped_n_step,1.0,running_mean_abs,5.0,0.7894736842105263,3
3,0.10683154929038786,0.08158677816390991,0.39471134543418884,0.0,1.3062130212783813,,False,4,0,bootstrapped_n_step,1.0,running_mean_abs,5.0,0.6842105263157895,4
4,0.07517870370296421,0.06092677637934685,0.4447341561317444,0.0,1.3365654945373535,,False,4,0,bootstrapped_n_step,1.0,running_mean_abs,5.0,0.5789473684210527,5
5,0.04009361025557165,0.0611562505364418,0.2500011622905731,0.0,0.5555669665336609,,False,4,0,bootstrapped_n_step,1.0,running_mean_abs,5.0,0.4736842105263158,6
6,0.04045785037662009,0.061532650142908096,0.2500011622905731,0.0,0.9893686175346375,,False,4,0,bootstrapped_n_step,1.0,running_mean_abs,5.0,0.368421052631579,7
7,0.10723650868513342,0.08178557455539703,0.39433297514915466,0.0,0.8955370187759399,,False,4,0,bootstrapped_n_step,1.0,running_mean_abs,5.0,0.26315789473684215,8
8,0.03914418140647846,0.03995295241475105,0.4999229609966278,0.0,0.20582741498947144,,False,4,0,bootstrapped_n_step,1.0,running_mean_abs,5.0,0.1578947368421053,9
9,0.0,0.019724423065781593,0.250003844499588,0.0,0.37807580828666687,,False,4,0,bootstrapped_n_step,1.0,running_mean_abs,5.0,0.052631578947368474,10
10,0.45596060690164375,0.10153854638338089,0.689942479133606,0.0,0.5008463859558105,,False,4,0,bootstrapped_n_step,1.0,running_mean_abs,5.0,-0.05263157894736836,11
11,0.07564541685598372,0.06105499714612961,0.44435450434684753,0.0,2.8004579544067383,,False,4,0,bootstrapped_n_step,1.0,running_mean_abs,5.0,-0.1578947368421053,12
12,0.01938926349458264,0.03976085036993027,0.2500019073486328,0.0,1.0479881763458252,,False,4,0,bootstrapped_n_step,1.0,running_mean_abs,5.0,-0.26315789473684204,13
13,0.0,0.019724423065781593,0.250003844499588,0.0,1.8018550872802734,,False,4,0,bootstrapped_n_step,1.0,running_mean_abs,5.0,-0.368421052631579,14
14,0.15143092056449967,0.08106041699647903,0.6618604063987732,0.0,0.42874810099601746,,False,4,0,bootstrapped_n_step,1.0,running_mean_abs,5.0,-0.4736842105263157,15
15,0.08059776326145274,0.1030123308300972,0.2500007152557373,0.0,0.451945424079895,,False,4,0,bootstrapped_n_step,1.0,running_mean_abs,5.0,-0.5789473684210527,16
16,0.0754590619817663,0.06093817204236984,0.44470036029815674,0.0,1.4499590396881104,,False,4,0,bootstrapped_n_step,1.0,running_mean_abs,5.0,-0.6842105263157894,17
17,0.09728569781867204,0.05994182452559471,0.749939501285553,0.0,0.42838364839553833,,False,4,0,bootstrapped_n_step,1.0,running_mean_abs,5.0,-0.7894736842105263,18
18,0.03873209631187379,0.0597492940723896,0.2500011920928955,0.0,0.4834344685077667,,False,4,0,bootstrapped_n_step,1.0,running_mean_abs,5.0,-0.894736842105263,19
19,0.03901976255710093,0.06004656106233597,0.2500011920928955,0.0,0.4571874439716339,,False,4,0,bootstrapped_n_step,1.0,running_mean_abs,5.0,-1.0,20
